{
  "2024-01-1": 23081.675725,
  "2024-01-2": 6282.230115,
  "2024-01-3": 10628.316944,
  "2024-01-4": 7916.263991,
  "2024-01-5": 0,
  "2024-01-6": 0
}