{
  "2024-03-3": 12132.410906,
  "2024-03-4": 3846.907777,
  "2024-03-5": 6741.440014,
  "2024-03-6": 14288.601104,
  "2024-03-7": 13597.241055,
  "2024-03-8": 10501.017091,
  "2024-03-9": 0
}