{
  "2024-03-31": 865.854233,
  "2024-04-1": 6515.297563,
  "2024-04-2": 24460.043813,
  "2024-04-3": 13448.161597,
  "2024-04-4": 20931.47088,
  "2024-04-5": 0,
  "2024-04-6": 0
}