{
  "2024-06-2": 0,
  "2024-06-3": 0,
  "2024-06-4": 0,
  "2024-06-5": 0,
  "2024-06-6": 107.818927,
  "2024-06-7": 6520.423607,
  "2024-06-8": 0
}