{
  "2024-06-30": 2635.085355,
  "2024-07-1": 14697.070891,
  "2024-07-2": 15437.971247,
  "2024-07-3": 13634.707447,
  "2024-07-4": 3854.061814,
  "2024-07-5": 3340.009377,
  "2024-07-6": 0
}