{
  "2024-06-30": 2635.085355,
  "2024-07-1": 14697.070891,
  "2024-07-2": 15437.971247,
  "2024-07-3": 0,
  "2024-07-4": 0,
  "2024-07-5": 0,
  "2024-07-6": 0
}