{
  "2024-08-4": 22576.729534,
  "2024-08-5": 10685.512024,
  "2024-08-6": 22404.273099,
  "2024-08-7": 8392.178769,
  "2024-08-8": 7789.924058,
  "2024-08-9": 0,
  "2024-08-10": 1124.712081
}