{
  "2024-08-4": 22576.729534,
  "2024-08-5": 10605.731496,
  "2024-08-6": 0,
  "2024-08-7": 0,
  "2024-08-8": 0,
  "2024-08-9": 0,
  "2024-08-10": 0
}