{
  "2024-09-1": 759.425016,
  "2024-09-2": 4088.593816,
  "2024-09-3": 0,
  "2024-09-4": 0,
  "2024-09-5": 0,
  "2024-09-6": 0,
  "2024-09-7": 0
}