{
  "2024-09-1": 759.425016,
  "2024-09-2": 4152.085622,
  "2024-09-3": 118.457475,
  "2024-09-4": 8493.09403,
  "2024-09-5": 1854.052667,
  "2024-09-6": 0,
  "2024-09-7": 0
}