{
  "2024-09-29": 9.539036,
  "2024-10-1": 19.048447,
  "2024-10-2": 656.563414,
  "2024-10-3": 11.305961,
  "2024-10-4": 0,
  "2024-10-5": 0
}