{
  "2024-11-3": 2280.259593,
  "2024-11-4": 16436.872059,
  "2024-11-5": 10529.700613,
  "2024-11-6": 33459.707592,
  "2024-11-7": 27843.744522,
  "2024-11-8": 10630.735666,
  "2024-11-9": 0
}