{
  "2024-11-3": 2280.259593,
  "2024-11-4": 16436.872059,
  "2024-11-5": 10511.119745,
  "2024-11-6": 0,
  "2024-11-7": 0,
  "2024-11-8": 0,
  "2024-11-9": 0
}