{
  "2024-12-1": 20900.892889,
  "2024-12-2": 20556.769565,
  "2024-12-3": 21975.145658,
  "2024-12-4": 29023.683313,
  "2024-12-5": 16619.400292,
  "2024-12-6": 5561.970762,
  "2024-12-7": 0
}