{
  "2024-12-1": 20900.892889,
  "2024-12-2": 20533.687348,
  "2024-12-3": 0,
  "2024-12-4": 0,
  "2024-12-5": 0,
  "2024-12-6": 0,
  "2024-12-7": 0
}