{
  "2024-12-1": 20900.892889,
  "2024-12-2": 20556.769565,
  "2024-12-3": 21975.145658,
  "2024-12-4": 28905.797861,
  "2024-12-5": 0,
  "2024-12-6": 0,
  "2024-12-7": 0
}