{
  "2024-02-4": 12283.267333,
  "2024-02-5": 11885.960339,
  "2024-02-6": 16062.391846,
  "2024-02-7": 8734.685517,
  "2024-02-8": 8133.526039,
  "2024-02-9": 0,
  "2024-02-10": 0
}