{
  "1": {
    "weight": 2387
  },
  "2": {
    "weight": 2156
  },
  "3": {
    "weight": 2428.5999999999995
  },
  "4": {
    "weight": 1315.2000000000003
  },
  "5": {},
  "6": {},
  "7": {},
  "8": {},
  "9": {},
  "10": {},
  "11": {},
  "12": {}
}