{
  "1": {
    "weight": 2387
  },
  "2": {
    "weight": 2156
  },
  "3": {
    "weight": 2428.5999999999995
  },
  "4": {
    "weight": 2453.4
  },
  "5": {
    "weight": 2539.6999999999985
  },
  "6": {
    "weight": 574.7
  },
  "7": {},
  "8": {},
  "9": {},
  "10": {},
  "11": {},
  "12": {}
}