{
  "1": {
    "weight": 2387
  },
  "2": {
    "weight": 2156
  },
  "3": {
    "weight": 2428.5999999999995
  },
  "4": {
    "weight": 2453.4
  },
  "5": {
    "weight": 2539.6999999999985
  },
  "6": {
    "weight": 2435.9999999999986
  },
  "7": {
    "weight": 2514.0999999999985
  },
  "8": {
    "weight": 2531.6999999999994
  },
  "9": {
    "weight": 2465.9999999999995
  },
  "10": {
    "weight": 2508.5999999999995
  },
  "11": {
    "weight": 2357.9999999999986
  },
  "12": {
    "weight": 2329.5999999999985
  }
}