{
  "1": {
    "weight": 2291.0999999999985
  },
  "2": {
    "weight": 1983.8999999999992
  },
  "3": {},
  "4": {},
  "5": {},
  "6": {},
  "7": {},
  "8": {},
  "9": {},
  "10": {},
  "11": {},
  "12": {}
}