{
  "1": {
    "weight": 2291.0999999999985
  },
  "2": {
    "weight": 2058.1999999999994
  },
  "3": {
    "weight": 2286.1000000000013
  },
  "4": {
    "weight": 2196.0999999999995
  },
  "5": {
    "weight": 727.9999999999999
  },
  "6": {},
  "7": {},
  "8": {},
  "9": {},
  "10": {},
  "11": {},
  "12": {}
}