{
  "1": {
    "weight": 2291.0999999999985
  },
  "2": {
    "weight": 2058.1999999999994
  },
  "3": {
    "weight": 2286.1000000000013
  },
  "4": {
    "weight": 1249.6999999999996
  },
  "5": {},
  "6": {},
  "7": {},
  "8": {},
  "9": {},
  "10": {},
  "11": {},
  "12": {}
}