{
  "1": {
    "weight": 2291.0999999999985
  },
  "2": {
    "weight": 2058.1999999999994
  },
  "3": {
    "weight": 2286.1000000000013
  },
  "4": {
    "weight": 2196.0999999999995
  },
  "5": {
    "weight": 2256.7999999999997
  },
  "6": {
    "weight": 2183.9999999999995
  },
  "7": {
    "weight": 2265.8999999999996
  },
  "8": {
    "weight": 1029
  },
  "9": {},
  "10": {},
  "11": {},
  "12": {}
}