{
  "1": {
    "weight": 2291.0999999999985
  },
  "2": {
    "weight": 2058.1999999999994
  },
  "3": {
    "weight": 1251.5000000000002
  },
  "4": {},
  "5": {},
  "6": {},
  "7": {},
  "8": {},
  "9": {},
  "10": {},
  "11": {},
  "12": {}
}