{
  "2019-09-1": 0,
  "2019-09-2": 0,
  "2019-09-3": 0,
  "2019-09-4": 0,
  "2019-09-5": 15.527594,
  "2019-09-6": 8617.017465,
  "2019-09-7": 0
}