{
  "2019-11-3": 11285.611114,
  "2019-11-4": 0,
  "2019-11-5": 9856.175811,
  "2019-11-6": 0,
  "2019-11-7": 6193.780983,
  "2019-11-8": 12673.938269,
  "2019-11-9": 22151.065548
}