{
  "2019-12-1": 0,
  "2019-12-2": 0,
  "2019-12-3": 14180.301515,
  "2019-12-4": 12874.252518,
  "2019-12-5": 5674.06552,
  "2019-12-6": 0,
  "2019-12-7": 5295.150943
}