{
  "1": 23081.675725,
  "2": 6282.230115,
  "3": 10628.316944,
  "4": 7916.263991,
  "5": 4535.715265,
  "6": 100.290882,
  "7": 19919.957527,
  "8": 16850.166256,
  "9": 4826.113662,
  "10": 13452.549364,
  "11": 3316.284974,
  "12": 0,
  "13": 0,
  "14": 5681.892114,
  "15": 2885.273691,
  "16": 1366.246109,
  "17": 2.606664,
  "18": 9159.936728,
  "19": 4803.397072,
  "20": 3826.598849,
  "21": 8129.876427,
  "22": 5862.133845,
  "23": 7986.300768,
  "24": 6676.773822,
  "25": 1179.033622,
  "26": 0,
  "27": 0,
  "28": 7.142171,
  "29": 0,
  "30": 0
}