{
  "1": 23081.675725,
  "2": 6282.230115,
  "3": 10628.316944,
  "4": 7916.263991,
  "5": 4535.715265,
  "6": 100.290882,
  "7": 19919.957527,
  "8": 16850.166256,
  "9": 0,
  "10": 0,
  "11": 0,
  "12": 0,
  "13": 0,
  "14": 0,
  "15": 0,
  "16": 0,
  "17": 0,
  "18": 0,
  "19": 0,
  "20": 0,
  "21": 0,
  "22": 0,
  "23": 0,
  "24": 0,
  "25": 0,
  "26": 0,
  "27": 0,
  "28": 0,
  "29": 0,
  "30": 0
}