{
  "1": 19310.112431,
  "2": 4591.685064,
  "3": 9572.333545,
  "4": 12283.267333,
  "5": 11885.960339,
  "6": 16062.391846,
  "7": 8734.685517,
  "8": 8133.526039,
  "9": 0,
  "10": 0,
  "11": 0,
  "12": 0,
  "13": 0,
  "14": 0,
  "15": 0,
  "16": 0,
  "17": 0,
  "18": 0,
  "19": 0,
  "20": 0,
  "21": 0,
  "22": 0,
  "23": 0,
  "24": 0,
  "25": 0,
  "26": 0,
  "27": 0,
  "28": 0
}