{
  "1": 19310.112431,
  "2": 4591.685064,
  "3": 9572.333545,
  "4": 12283.267333,
  "5": 11885.960339,
  "6": 16062.391846,
  "7": 8734.685517,
  "8": 8133.526039,
  "9": 0,
  "10": 0,
  "11": 22378.77135,
  "12": 5653.681659,
  "13": 19567.042589,
  "14": 9374.606397,
  "15": 10480.506803,
  "16": 1492.016573,
  "17": 0,
  "18": 4864.007684,
  "19": 3784.438265,
  "20": 14463.384806,
  "21": 19934.911617,
  "22": 2743.80871,
  "23": 11405.744664,
  "24": 0,
  "25": 0,
  "26": 0,
  "27": 0,
  "28": 0
}