{
  "1": 342.261458,
  "2": 2236.601252,
  "3": 12132.410906,
  "4": 3846.907777,
  "5": 6741.440014,
  "6": 14288.601104,
  "7": 13597.241055,
  "8": 10501.017091,
  "9": 4587.14135,
  "10": 12004.895975,
  "11": 19938.380078,
  "12": 0,
  "13": 0,
  "14": 0,
  "15": 0,
  "16": 0,
  "17": 0,
  "18": 0,
  "19": 0,
  "20": 0,
  "21": 0,
  "22": 0,
  "23": 0,
  "24": 0,
  "25": 0,
  "26": 0,
  "27": 0,
  "28": 0,
  "29": 0,
  "30": 0
}