{
  "1": 342.261458,
  "2": 2236.601252,
  "3": 12132.410906,
  "4": 3846.907777,
  "5": 6741.440014,
  "6": 14288.601104,
  "7": 13597.241055,
  "8": 10501.017091,
  "9": 4587.14135,
  "10": 12004.895975,
  "11": 19938.380078,
  "12": 19773.100546,
  "13": 11520.863412,
  "14": 12839.534006,
  "15": 8470.734624,
  "16": 3739.533821,
  "17": 5164.922865,
  "18": 14335.704756,
  "19": 2585.672479,
  "20": 9788.0898,
  "21": 0,
  "22": 0,
  "23": 0,
  "24": 0,
  "25": 0,
  "26": 0,
  "27": 0,
  "28": 0,
  "29": 0,
  "30": 0
}