{
  "1": 6515.297563,
  "2": 24460.043813,
  "3": 13448.161597,
  "4": 20931.47088,
  "5": 0,
  "6": 265.459449,
  "7": 3783.6704,
  "8": 21893.210316,
  "9": 0,
  "10": 0,
  "11": 0,
  "12": 0,
  "13": 0,
  "14": 0,
  "15": 0,
  "16": 0,
  "17": 0,
  "18": 0,
  "19": 0,
  "20": 0,
  "21": 0,
  "22": 0,
  "23": 0,
  "24": 0,
  "25": 0,
  "26": 0,
  "27": 0,
  "28": 0,
  "29": 0
}