{
  "1": 6515.297563,
  "2": 24460.043813,
  "3": 13448.161597,
  "4": 20931.47088,
  "5": 0,
  "6": 265.459449,
  "7": 3783.6704,
  "8": 21893.210316,
  "9": 24244.232575,
  "10": 7292.940215,
  "11": 579.342049,
  "12": 0,
  "13": 0,
  "14": 19540.514046,
  "15": 17646.805323,
  "16": 19183.882736,
  "17": 3242.127233,
  "18": 3285.275571,
  "19": 0,
  "20": 472.519426,
  "21": 21549.874734,
  "22": 9347.119676,
  "23": 14969.081061,
  "24": 15961.726737,
  "25": 13102.187387,
  "26": 2.312187,
  "27": 0,
  "28": 7467.448671,
  "29": 17239.136745,
  "30": 10412.925803
}