{
  "1": 6515.297563,
  "2": 24460.043813,
  "3": 13448.161597,
  "4": 20931.47088,
  "5": 0,
  "6": 265.459449,
  "7": 3783.6704,
  "8": 21893.210316,
  "9": 24244.232575,
  "10": 7292.940215,
  "11": 579.342049,
  "12": 0,
  "13": 0,
  "14": 19540.514046,
  "15": 17646.805323,
  "16": 19183.882736,
  "17": 0,
  "18": 0,
  "19": 0,
  "20": 0,
  "21": 0,
  "22": 0,
  "23": 0,
  "24": 0,
  "25": 0,
  "26": 0,
  "27": 0,
  "28": 0,
  "29": 0
}