{
  "1": 1416.20117,
  "2": 11340.784737,
  "3": 1571.129168,
  "4": 14.448,
  "5": 6327.317485,
  "6": 18438.835634,
  "7": 15223.67296,
  "8": 5254.333425,
  "9": 1637.986669,
  "10": 3411.906818,
  "11": 0,
  "12": 3726.046854,
  "13": 17155.923676,
  "14": 17637.412366,
  "15": 16140.885173,
  "16": 16054.276879,
  "17": 1461.289566,
  "18": 1876.096715,
  "19": 7567.634703,
  "20": 7163.059113,
  "21": 22035.384871,
  "22": 20630.329219,
  "23": 377.096074,
  "24": 0,
  "25": 95.670841,
  "26": 22106.351337,
  "27": 18148.791234,
  "28": 0,
  "29": 0,
  "30": 0
}