{
  "1": 1416.20117,
  "2": 11340.784737,
  "3": 1571.129168,
  "4": 14.448,
  "5": 6327.317485,
  "6": 18438.835634,
  "7": 15223.67296,
  "8": 0,
  "9": 0,
  "10": 0,
  "11": 0,
  "12": 0,
  "13": 0,
  "14": 0,
  "15": 0,
  "16": 0,
  "17": 0,
  "18": 0,
  "19": 0,
  "20": 0,
  "21": 0,
  "22": 0,
  "23": 0,
  "24": 0,
  "25": 0,
  "26": 0,
  "27": 0,
  "28": 0,
  "29": 0,
  "30": 0
}