{
  "1": 0,
  "2": 0,
  "3": 0,
  "4": 0,
  "5": 0,
  "6": 107.818927,
  "7": 6520.423607,
  "8": 1569.685321,
  "9": 16064.142504,
  "10": 16377.696143,
  "11": 16361.078532,
  "12": 13321.475198,
  "13": 4775.756569,
  "14": 0,
  "15": 284.442609,
  "16": 0,
  "17": 0,
  "18": 0,
  "19": 0,
  "20": 0,
  "21": 0,
  "22": 0,
  "23": 0,
  "24": 0,
  "25": 0,
  "26": 0,
  "27": 0,
  "28": 0,
  "29": 0
}