{
  "1": 0,
  "2": 0,
  "3": 0,
  "4": 0,
  "5": 0,
  "6": 107.818927,
  "7": 6520.423607,
  "8": 1569.685321,
  "9": 16064.142504,
  "10": 16377.696143,
  "11": 16361.078532,
  "12": 13321.475198,
  "13": 4775.756569,
  "14": 0,
  "15": 284.442609,
  "16": 9200.480316,
  "17": 26141.294784,
  "18": 12649.444719,
  "19": 41415.919902,
  "20": 18608.560572,
  "21": 40.353622,
  "22": 1947.258565,
  "23": 22993.300545,
  "24": 10279.485339,
  "25": 18933.521984,
  "26": 17801.386586,
  "27": 17128.638813,
  "28": 7795.652119,
  "29": 2777.528051
}