{
  "1": 14697.070891,
  "2": 15437.971247,
  "3": 13634.707447,
  "4": 3854.061814,
  "5": 3340.009377,
  "6": 1803.236553,
  "7": 29202.055987,
  "8": 5209.651178,
  "9": 11692.384809,
  "10": 16216.507048,
  "11": 13213.950417,
  "12": 7600.992356,
  "13": 128.400253,
  "14": 3763.912829,
  "15": 13020.428844,
  "16": 7290.979289,
  "17": 7526.440157,
  "18": 10213.628236,
  "19": 4907.729317,
  "20": 4845.968181,
  "21": 7241.840907,
  "22": 8487.757032,
  "23": 18186.875246,
  "24": 13031.507593,
  "25": 5069.474521,
  "26": 0,
  "27": 0,
  "28": 0,
  "29": 0,
  "30": 0
}