{
  "1": 14697.070891,
  "2": 15437.971247,
  "3": 13634.707447,
  "4": 3854.061814,
  "5": 3340.009377,
  "6": 1803.236553,
  "7": 29202.055987,
  "8": 5209.651178,
  "9": 11692.384809,
  "10": 16216.507048,
  "11": 13213.950417,
  "12": 7600.992356,
  "13": 0,
  "14": 0,
  "15": 0,
  "16": 0,
  "17": 0,
  "18": 0,
  "19": 0,
  "20": 0,
  "21": 0,
  "22": 0,
  "23": 0,
  "24": 0,
  "25": 0,
  "26": 0,
  "27": 0,
  "28": 0,
  "29": 0,
  "30": 0
}