{
  "1": 11291.595381,
  "2": 438.456645,
  "3": 27.408548,
  "4": 22576.729534,
  "5": 10685.512024,
  "6": 22404.273099,
  "7": 8271.548943,
  "8": 0,
  "9": 0,
  "10": 0,
  "11": 0,
  "12": 0,
  "13": 0,
  "14": 0,
  "15": 0,
  "16": 0,
  "17": 0,
  "18": 0,
  "19": 0,
  "20": 0,
  "21": 0,
  "22": 0,
  "23": 0,
  "24": 0,
  "25": 0,
  "26": 0,
  "27": 0,
  "28": 0,
  "29": 0,
  "30": 0
}