{
  "1": 11291.595381,
  "2": 438.456645,
  "3": 27.408548,
  "4": 22576.729534,
  "5": 10685.512024,
  "6": 22404.273099,
  "7": 8392.178769,
  "8": 7789.924058,
  "9": 0,
  "10": 1157.045031,
  "11": 23488.753656,
  "12": 19688.746425,
  "13": 8552.339851,
  "14": 13720.044268,
  "15": 8045.241906,
  "16": 4368.177366,
  "17": 7421.387233,
  "18": 0,
  "19": 0,
  "20": 0,
  "21": 0,
  "22": 0,
  "23": 0,
  "24": 0,
  "25": 0,
  "26": 0,
  "27": 0,
  "28": 0,
  "29": 0,
  "30": 0
}