{
  "1": 11291.595381,
  "2": 438.456645,
  "3": 27.408548,
  "4": 22576.729534,
  "5": 10685.512024,
  "6": 22404.273099,
  "7": 8392.178769,
  "8": 7789.924058,
  "9": 0,
  "10": 1157.045031,
  "11": 23488.753656,
  "12": 19688.746425,
  "13": 8552.339851,
  "14": 13720.044268,
  "15": 8045.241906,
  "16": 4368.177366,
  "17": 7429.518036,
  "18": 8732.208534,
  "19": 30484.977172,
  "20": 15561.120909,
  "21": 312.680415,
  "22": 619.495783,
  "23": 0,
  "24": 0,
  "25": 15316.304167,
  "26": 7038.194922,
  "27": 0,
  "28": 0,
  "29": 0,
  "30": 0
}