{
  "1": 759.425016,
  "2": 4152.085622,
  "3": 118.457475,
  "4": 8493.09403,
  "5": 8767.666793,
  "6": 0,
  "7": 1361.260679,
  "8": 14210.812603,
  "9": 4726.62842,
  "10": 265.964614,
  "11": 0,
  "12": 0,
  "13": 0,
  "14": 0,
  "15": 0,
  "16": 0,
  "17": 0,
  "18": 0,
  "19": 0,
  "20": 0,
  "21": 0,
  "22": 0,
  "23": 0,
  "24": 0,
  "25": 0,
  "26": 0,
  "27": 0,
  "28": 0,
  "29": 0
}