{
  "1": 759.425016,
  "2": 4152.085622,
  "3": 118.457475,
  "4": 8493.09403,
  "5": 8767.666793,
  "6": 0,
  "7": 1361.260679,
  "8": 14210.812603,
  "9": 4726.62842,
  "10": 321.411049,
  "11": 708.497353,
  "12": 3749.47716,
  "13": 0,
  "14": 0,
  "15": 6140.67653,
  "16": 633.883209,
  "17": 645.535004,
  "18": 915.686266,
  "19": 12.031157,
  "20": 184.666352,
  "21": 859.736846,
  "22": 0,
  "23": 1399.75922,
  "24": 0,
  "25": 0,
  "26": 0,
  "27": 0,
  "28": 0,
  "29": 0
}