{
  "1": 19.048447,
  "2": 656.563414,
  "3": 11.305961,
  "4": 0,
  "5": 0,
  "6": 1224.361654,
  "7": 1484.852618,
  "8": 4122.206519,
  "9": 1622.618987,
  "10": 0,
  "11": 0,
  "12": 0,
  "13": 0,
  "14": 0,
  "15": 0,
  "16": 0,
  "17": 0,
  "18": 0,
  "19": 0,
  "20": 0,
  "21": 0,
  "22": 0,
  "23": 0,
  "24": 0,
  "25": 0,
  "26": 0,
  "27": 0,
  "28": 0,
  "29": 0,
  "30": 0
}