{
  "1": 0,
  "2": 0,
  "3": 2280.259593,
  "4": 16436.872059,
  "5": 10529.700613,
  "6": 33459.707592,
  "7": 27843.744522,
  "8": 10687.111708,
  "9": 10020.631928,
  "10": 0,
  "11": 0,
  "12": 0,
  "13": 0,
  "14": 0,
  "15": 0,
  "16": 0,
  "17": 0,
  "18": 0,
  "19": 0,
  "20": 0,
  "21": 0,
  "22": 0,
  "23": 0,
  "24": 0,
  "25": 0,
  "26": 0,
  "27": 0,
  "28": 0,
  "29": 0
}