{
  "1": 0,
  "2": 0,
  "3": 2280.259593,
  "4": 16436.872059,
  "5": 10529.700613,
  "6": 33459.707592,
  "7": 27843.744522,
  "8": 10687.111708,
  "9": 10024.230395,
  "10": 19119.063985,
  "11": 22414.282508,
  "12": 21460.165843,
  "13": 14694.986753,
  "14": 3276.550088,
  "15": 0,
  "16": 0,
  "17": 0,
  "18": 0,
  "19": 0,
  "20": 0,
  "21": 0,
  "22": 0,
  "23": 0,
  "24": 0,
  "25": 0,
  "26": 0,
  "27": 0,
  "28": 0,
  "29": 0
}