{
  "1": 0,
  "2": 0,
  "3": 2280.259593,
  "4": 16436.872059,
  "5": 10529.700613,
  "6": 33459.707592,
  "7": 27843.744522,
  "8": 10687.111708,
  "9": 10024.230395,
  "10": 19119.063985,
  "11": 22414.282508,
  "12": 21460.165843,
  "13": 14694.986753,
  "14": 3319.40885,
  "15": 7963.045977,
  "16": 0,
  "17": 23797.411643,
  "18": 29202.577139,
  "19": 21721.938221,
  "20": 14147.120626,
  "21": 9752.000404,
  "22": 356.014275,
  "23": 0,
  "24": 25862.248632,
  "25": 0,
  "26": 0,
  "27": 0,
  "28": 0,
  "29": 0
}