{
  "1": 20900.892889,
  "2": 20556.769565,
  "3": 21975.145658,
  "4": 29023.683313,
  "5": 16619.400292,
  "6": 5561.970762,
  "7": 0,
  "8": 8389.930651,
  "9": 24017.196591,
  "10": 30114.251037,
  "11": 29692.217875,
  "12": 11333.861263,
  "13": 14628.50539,
  "14": 8341.213857,
  "15": 25518.62229,
  "16": 23533.81667,
  "17": 22114.058676,
  "18": 22282.34281,
  "19": 369.933894,
  "20": 5678.974097,
  "21": 2814.044532,
  "22": 18973.35071,
  "23": 17252.471155,
  "24": 4529.455493,
  "25": 31283.803217,
  "26": 17182.113958,
  "27": 2653.096977,
  "28": 2661.813815,
  "29": 0,
  "30": 0
}