{
  "1": 20900.892889,
  "2": 20556.769565,
  "3": 21975.145658,
  "4": 29023.683313,
  "5": 16619.400292,
  "6": 5561.970762,
  "7": 0,
  "8": 8389.930651,
  "9": 24017.196591,
  "10": 30114.251037,
  "11": 29692.217875,
  "12": 11333.861263,
  "13": 14628.50539,
  "14": 8341.213857,
  "15": 3186.175271,
  "16": 0,
  "17": 0,
  "18": 0,
  "19": 0,
  "20": 0,
  "21": 0,
  "22": 0,
  "23": 0,
  "24": 0,
  "25": 0,
  "26": 0,
  "27": 0,
  "28": 0,
  "29": 0,
  "30": 0
}