{
  "1": 0,
  "2": 0,
  "3": 0,
  "4": 0,
  "5": 15.527594,
  "6": 8617.017465,
  "7": 0,
  "8": 0,
  "9": 0,
  "10": 10899.706202,
  "11": 0,
  "12": 7354.012632,
  "13": 4986.056995,
  "14": 778.256219,
  "15": 1137.595053,
  "16": 530.452531,
  "17": 0,
  "18": 2959.262093,
  "19": 0,
  "20": 863.787578,
  "21": 0,
  "22": 2470.634661,
  "23": 2022.074417,
  "24": 0,
  "25": 0,
  "26": 569.402565,
  "27": 9185.722576,
  "28": 1765.388287,
  "29": 0,
  "30": 4464.083592
}