{
  "1": 8988.267623,
  "2": 0,
  "3": 167.697381,
  "4": 13326.212048,
  "5": 2758.590869,
  "6": 147.192352,
  "7": 17153.317727,
  "8": 1969.546513,
  "9": 4254.945254,
  "10": 1401.634804,
  "11": 10920.626644,
  "12": 10273.628436,
  "13": 3422.612655,
  "14": 5309.34659,
  "15": 25920.76364,
  "16": 14372.718645,
  "17": 9867.117232,
  "18": 8769.666063,
  "19": 17338.825452,
  "20": 1969.940675,
  "21": 0,
  "22": 0,
  "23": 1434.346807,
  "24": 2.288836,
  "25": 413.714736,
  "26": 12491.299136,
  "27": 23992.172207,
  "28": 1414.948662,
  "29": 11143.204184,
  "30": 2.95699,
  "31": 13871.473053
}