{
  "1": 2255.773135,
  "2": 6886.708825,
  "3": 11285.611114,
  "4": 0,
  "5": 9856.175811,
  "6": 0,
  "7": 6193.780983,
  "8": 12673.938269,
  "9": 22151.065548,
  "10": 11478.81215,
  "11": 12214.603931,
  "12": 20307.346214,
  "13": 10898.297723,
  "14": 20636.925368,
  "15": 18644.127727,
  "16": 9025.264921,
  "17": 0,
  "18": 2188.763446,
  "19": 25489.047197,
  "20": 0,
  "21": 12779.766899,
  "22": 23179.44976,
  "23": 23554.801143,
  "24": 16224.822523,
  "25": 11577.315386,
  "26": 14227.660195,
  "27": 21055.346691,
  "28": 8282.937943,
  "29": 2673.104749
}