{
  "1": 0,
  "2": 0,
  "3": 14180.301515,
  "4": 12874.252518,
  "5": 5674.06552,
  "6": 0,
  "7": 5295.150943,
  "8": 2801.985815,
  "9": 3109.475868,
  "10": 8619.430572,
  "11": 2533.096173,
  "12": 16935.348969,
  "13": 17019.582115,
  "14": 5902.143677,
  "15": 0,
  "16": 6.810584,
  "17": 0,
  "18": 0,
  "19": 5303.196735,
  "20": 2075.580579,
  "21": 0,
  "22": 6127.580637,
  "23": 5839.280715,
  "24": 476.554703,
  "25": 8272.697741,
  "26": 7735.854756,
  "27": 1128.586964,
  "28": 5961.876521,
  "29": 540.395658,
  "30": 3254.790442,
  "31": 2412.214268
}