{
  "1": 0,
  "2": 23334.654141,
  "3": 9577.874507,
  "4": 9599.24661,
  "5": 373.463662,
  "6": 553.307977,
  "7": 0,
  "8": 216.075172,
  "9": 147.938522,
  "10": 15612.276823,
  "11": 15382.462518,
  "12": 11149.721393,
  "13": 3312.777454,
  "14": 22303.037685,
  "15": 23118.54031,
  "16": 5076.058541,
  "17": 17826.16245,
  "18": 248.748873,
  "19": 0,
  "20": 0,
  "21": 2384.045108,
  "22": 4590.529534,
  "23": 10871.669641,
  "24": 29845.885161,
  "25": 3042.875523,
  "26": 6304.68139,
  "27": 12406.230779,
  "28": 34802.13086,
  "29": 7112.955198,
  "30": 7901.781308
}