{
  "1": 1697.101902,
  "2": 19301.324309,
  "3": 0,
  "4": 0,
  "5": 15274.841024,
  "6": 3653.72777,
  "7": 12756.19083,
  "8": 20448.878545,
  "9": 7224.418969,
  "10": 3024.528495,
  "11": 9304.155993,
  "12": 12699.719282,
  "13": 8874.14397,
  "14": 27224.801828,
  "15": 16628.651554,
  "16": 19620.944375,
  "17": 30610.792348,
  "18": 22620.646448,
  "19": 8985.080813,
  "20": 19513.597175,
  "21": 1410.717675,
  "22": 16901.474731,
  "23": 846.276882,
  "24": 3917.827429,
  "25": 13508.310814,
  "26": 8564.848965,
  "27": 20640.045592,
  "28": 31096.582464,
  "29": 11358.950126
}