{
  "1": 5915.795178,
  "2": 10724.192129,
  "3": 9551.166422,
  "4": 16653.727693,
  "5": 19929.17337,
  "6": 4669.957935,
  "7": 33596.331289,
  "8": 1927.638918,
  "9": 13467.08157,
  "10": 1521.131739,
  "11": 0,
  "12": 5274.085435,
  "13": 0,
  "14": 0,
  "15": 5906.545685,
  "16": 1929.460602,
  "17": 5197.954971,
  "18": 9661.54429,
  "19": 26632.494417,
  "20": 124.833152,
  "21": 3144.206222,
  "22": 12436.365635,
  "23": 15692.406679,
  "24": 6181.646367,
  "25": 13197.570795,
  "26": 11368.085849,
  "27": 5198.82564,
  "28": 14963.170104,
  "29": 13226.519822,
  "30": 0,
  "31": 5725.176035
}