{
  "1": 424.972398,
  "2": 28751.161133,
  "3": 24156.712258,
  "4": 6783.121592,
  "5": 28530.97945,
  "6": 2080.677763,
  "7": 16350.878871,
  "8": 18986.602133,
  "9": 11886.517467,
  "10": 24404.690847,
  "11": 14424.30014,
  "12": 1793.046072,
  "13": 14939.714513,
  "14": 2061.108709,
  "15": 7003.060156,
  "16": 20439.51181,
  "17": 12199.028263,
  "18": 0,
  "19": 4520.739361,
  "20": 28575.970697,
  "21": 27942.052879,
  "22": 7987.917417,
  "23": 1135.436416,
  "24": 41481.061472,
  "25": 0,
  "26": 0,
  "27": 15297.926616,
  "28": 9719.912288,
  "29": 18923.207321,
  "30": 21754.083917
}