{
  "1": 17788.158021,
  "2": 26511.421899,
  "3": 20292.936056,
  "4": 32907.945092,
  "5": 14735.858052,
  "6": 9359.878581,
  "7": 9138.035124,
  "8": 20497.357441,
  "9": 445.210829,
  "10": 19.330534,
  "11": 2492.291388,
  "12": 14750.527671,
  "13": 7359.082775,
  "14": 9156.867503,
  "15": 4407.67472,
  "16": 144.093404,
  "17": 0,
  "18": 7513.236218,
  "19": 16625.635245,
  "20": 7237.524395,
  "21": 31286.538667,
  "22": 6347.29069,
  "23": 2857.623007,
  "24": 0,
  "25": 0,
  "26": 3647.7443,
  "27": 12415.433619,
  "28": 6849.691004,
  "29": 15642.340823,
  "30": 22379.840585,
  "31": 4395.980884
}