{
  "1": 16381.41223,
  "2": 2944.139613,
  "3": 18702.138299,
  "4": 9493.624323,
  "5": 2077.515147,
  "6": 7940.617503,
  "7": 0,
  "8": 0,
  "9": 3239.858175,
  "10": 3625.960265,
  "11": 0,
  "12": 0,
  "13": 4414.196527,
  "14": 13114.404116,
  "15": 0,
  "16": 0,
  "17": 3176.780687,
  "18": 0,
  "19": 0,
  "20": 0,
  "21": 475.401641,
  "22": 1632.941966,
  "23": 0,
  "24": 89.13695,
  "25": 1820.482221,
  "26": 5311.393714,
  "27": 0,
  "28": 2383.060971,
  "29": 1483.333223,
  "30": 802.978731
}