{
  "1": 2527.80353,
  "2": 3164.291088,
  "3": 22566.035075,
  "4": 13990.121378,
  "5": 11008.552571,
  "6": 14897.437204,
  "7": 21762.00477,
  "8": 28855.439683,
  "9": 30547.509,
  "10": 23421.981699,
  "11": 7766.139761,
  "12": 8466.694661,
  "13": 12441.652538,
  "14": 30689.525231,
  "15": 23651.696258,
  "16": 130.376549,
  "17": 18817.632699,
  "18": 8509.537805,
  "19": 18253.687302,
  "20": 21424.025733,
  "21": 16731.823048,
  "22": 17640.594679,
  "23": 2896.572841,
  "24": 3755.270749,
  "25": 2054.452375,
  "26": 4415.169656,
  "27": 15393.945137,
  "28": 8621.355293,
  "29": 26197.877929,
  "30": 14588.822655,
  "31": 12373.424894
}