{
  "1": 2751.951344,
  "2": 9184.071956,
  "3": 8684.122613,
  "4": 16339.939879,
  "5": 13009.950592,
  "6": 18626.630134,
  "7": 4334.56898,
  "8": 8243.420786,
  "9": 31919.256649,
  "10": 26501.282291,
  "11": 5621.280238,
  "12": 9400.496645,
  "13": 16750.082266,
  "14": 12498.017161,
  "15": 10911.504155,
  "16": 6037.89936,
  "17": 16402.249033,
  "18": 16320.478283,
  "19": 1807.374707,
  "20": 12576.36665,
  "21": 12351.011557,
  "22": 10741.269815,
  "23": 4045.971775,
  "24": 23078.792502,
  "25": 18588.196378,
  "26": 28432.229369,
  "27": 19474.097593,
  "28": 12941.575416,
  "29": 5606.763078,
  "30": 8132.869281,
  "31": 16717.921434
}