{
  "1": 35649.988558,
  "2": 21157.430516,
  "3": 18178.309944,
  "4": 34522.010527,
  "5": 9457.539277,
  "6": 6179.057965,
  "7": 23024.6392,
  "8": 21216.877085,
  "9": 11068.905112,
  "10": 0,
  "11": 0,
  "12": 0,
  "13": 0,
  "14": 0,
  "15": 0,
  "16": 0,
  "17": 0,
  "18": 0,
  "19": 0,
  "20": 0,
  "21": 0,
  "22": 0,
  "23": 0,
  "24": 0,
  "25": 0,
  "26": 0,
  "27": 0,
  "28": 0,
  "29": 0
}