{
  "1": 35649.988558,
  "2": 21157.430516,
  "3": 18178.309944,
  "4": 34522.010527,
  "5": 9457.539277,
  "6": 6179.057965,
  "7": 23024.6392,
  "8": 21216.877085,
  "9": 11068.905112,
  "10": 3342.19589,
  "11": 983.397705,
  "12": 7921.754648,
  "13": 2348.45857,
  "14": 2295.084154,
  "15": 5301.382028,
  "16": 6186.881056,
  "17": 15587.466888,
  "18": 12026.266753,
  "19": 6749.397215,
  "20": 7987.726488,
  "21": 4134.943268,
  "22": 0,
  "23": 0,
  "24": 0,
  "25": 0,
  "26": 0,
  "27": 0,
  "28": 0,
  "29": 0
}