{
  "1": 0,
  "2": 15675.478292,
  "3": 1327.537432,
  "4": 18570.576337,
  "5": 35218.883251,
  "6": 14564.502212,
  "7": 11328.69352,
  "8": 5411.725466,
  "9": 0,
  "10": 1307.100982,
  "11": 23386.508003,
  "12": 15233.716399,
  "13": 12432.275366,
  "14": 20798.962098,
  "15": 15031.022518,
  "16": 12019.755822,
  "17": 2928.587158,
  "18": 21378.23128,
  "19": 11695.845639,
  "20": 0,
  "21": 0,
  "22": 0,
  "23": 0,
  "24": 0,
  "25": 0,
  "26": 0,
  "27": 0,
  "28": 0,
  "29": 0,
  "30": 0
}