{
  "1": 0,
  "2": 15675.478292,
  "3": 1327.537432,
  "4": 18570.576337,
  "5": 35218.883251,
  "6": 14564.502212,
  "7": 11328.69352,
  "8": 5411.725466,
  "9": 0,
  "10": 1307.100982,
  "11": 23386.508003,
  "12": 15233.716399,
  "13": 12432.275366,
  "14": 20798.962098,
  "15": 15031.022518,
  "16": 12019.755822,
  "17": 2928.587158,
  "18": 21378.23128,
  "19": 11695.845639,
  "20": 7049.271733,
  "21": 27777.917532,
  "22": 28795.865488,
  "23": 13985.44295,
  "24": 1673.729975,
  "25": 7444.804337,
  "26": 26504.523,
  "27": 11538.914316,
  "28": 19518.401101,
  "29": 25908.362943,
  "30": 8465.456403,
  "31": 3871.112337
}