{
  "1": 20439.676662,
  "2": 16926.447399,
  "3": 4586.513583,
  "4": 6858.85172,
  "5": 5316.286227,
  "6": 8905.611744,
  "7": 28113.922055,
  "8": 23266.695195,
  "9": 3345.273267,
  "10": 10369.881739,
  "11": 5920.086619,
  "12": 17682.349605,
  "13": 12596.501872,
  "14": 37223.357531,
  "15": 5915.659087,
  "16": 0,
  "17": 0,
  "18": 0,
  "19": 0,
  "20": 0,
  "21": 0,
  "22": 0,
  "23": 0,
  "24": 0,
  "25": 0,
  "26": 0,
  "27": 0,
  "28": 0,
  "29": 0
}