{
  "1": 20439.676662,
  "2": 16926.447399,
  "3": 4586.513583,
  "4": 6858.85172,
  "5": 5316.286227,
  "6": 8905.611744,
  "7": 28113.922055,
  "8": 23266.695195,
  "9": 3345.273267,
  "10": 10369.881739,
  "11": 5920.086619,
  "12": 17682.349605,
  "13": 12596.501872,
  "14": 37223.357531,
  "15": 20997.422509,
  "16": 27891.126238,
  "17": 14604.990429,
  "18": 14577.477338,
  "19": 10018.465516,
  "20": 10805.971916,
  "21": 6677.778147,
  "22": 21455.782982,
  "23": 10755.073991,
  "24": 28338.774242,
  "25": 10501.690192,
  "26": 1050.955553,
  "27": 7315.244081,
  "28": 894.772323,
  "29": 24216.291153,
  "30": 7215.214341
}