{
  "1": 20439.676662,
  "2": 16926.447399,
  "3": 4586.513583,
  "4": 6858.85172,
  "5": 5316.286227,
  "6": 8905.611744,
  "7": 28113.922055,
  "8": 5267.693658,
  "9": 0,
  "10": 0,
  "11": 0,
  "12": 0,
  "13": 0,
  "14": 0,
  "15": 0,
  "16": 0,
  "17": 0,
  "18": 0,
  "19": 0,
  "20": 0,
  "21": 0,
  "22": 0,
  "23": 0,
  "24": 0,
  "25": 0,
  "26": 0,
  "27": 0,
  "28": 0,
  "29": 0
}