{
  "1": 25182.796491,
  "2": 7909.241359,
  "3": 0,
  "4": 0,
  "5": 18403.027444,
  "6": 16421.865602,
  "7": 8946.637262,
  "8": 19467.360002,
  "9": 29389.885303,
  "10": 14277.899306,
  "11": 16792.106762,
  "12": 22580.877881,
  "13": 13147.576707,
  "14": 14927.670618,
  "15": 9526.61622,
  "16": 14493.682174,
  "17": 13470.87176,
  "18": 3938.309472,
  "19": 25.618882,
  "20": 0,
  "21": 14307.930155,
  "22": 22017.668355,
  "23": 7293.570197,
  "24": 28573.704011,
  "25": 19037.342476,
  "26": 0,
  "27": 17641.193262,
  "28": 4548.27594,
  "29": 27411.83498,
  "30": 22291.209881,
  "31": 23688.985017
}