{
  "2021-01-1": 8100.245573,
  "2021-01-2": 4086.23867
}