{
  "2021-01-1": 8100.245573,
  "2021-01-2": 20261.871261
}