{
  "2021-02-28": 16704.618785,
  "2021-03-1": 16.024031,
  "2021-03-2": 0,
  "2021-03-3": 0,
  "2021-03-4": 0,
  "2021-03-5": 0,
  "2021-03-6": 0
}