{
  "2021-02-28": 16704.618785,
  "2021-03-1": 21636.459574,
  "2021-03-2": 9347.008379,
  "2021-03-3": 1256.793902,
  "2021-03-4": 21531.206195,
  "2021-03-5": 9386.843012,
  "2021-03-6": 9705.014462
}