{
  "2021-04-4": 0,
  "2021-04-5": 7557.249978,
  "2021-04-6": 17942.410517,
  "2021-04-7": 2793.985319,
  "2021-04-8": 0,
  "2021-04-9": 0,
  "2021-04-10": 0
}