{
  "2021-04-4": 0,
  "2021-04-5": 7557.249978,
  "2021-04-6": 15149.920777,
  "2021-04-7": 27028.976509,
  "2021-04-8": 24656.923906,
  "2021-04-9": 4806.238732,
  "2021-04-10": 4584.948481
}