{
  "2021-04-4": 0,
  "2021-04-5": 7557.249978,
  "2021-04-6": 5586.475059,
  "2021-04-7": 0,
  "2021-04-8": 0,
  "2021-04-9": 0,
  "2021-04-10": 0
}