{
  "2021-05-2": 11946.314254,
  "2021-05-3": 6818.681284,
  "2021-05-4": 12337.663932,
  "2021-05-5": 17995.197371,
  "2021-05-6": 16710.861411,
  "2021-05-7": 6144.039592,
  "2021-05-8": 19057.181225
}