{
  "2021-05-2": 11946.314254,
  "2021-05-3": 6818.681284,
  "2021-05-4": 12337.663932,
  "2021-05-5": 17995.197371,
  "2021-05-6": 947.555027,
  "2021-05-7": 0,
  "2021-05-8": 0
}