{
  "2021-01-3": 25373.499887,
  "2021-01-4": 21229.404717,
  "2021-01-5": 10800.757255,
  "2021-01-6": 15360.902077,
  "2021-01-7": 17253.530664,
  "2021-01-8": 18304.947118,
  "2021-01-9": 5971.602489
}