{
  "2021-01-3": 25373.499887,
  "2021-01-4": 21229.404717,
  "2021-01-5": 0,
  "2021-01-6": 0,
  "2021-01-7": 0,
  "2021-01-8": 0,
  "2021-01-9": 0
}