{
  "2021-07-4": 6077.267827,
  "2021-07-5": 0,
  "2021-07-6": 448.772563,
  "2021-07-7": 8040.470384,
  "2021-07-8": 6482.306493,
  "2021-07-9": 0,
  "2021-07-10": 2195.447475
}