{
  "2021-08-1": 815.970238,
  "2021-08-2": 5967.071791,
  "2021-08-3": 0,
  "2021-08-4": 0,
  "2021-08-5": 1240.767618,
  "2021-08-6": 9155.330315,
  "2021-08-7": 1232.446431
}