{
  "2021-10-3": 13609.245843,
  "2021-10-4": 5512.970557,
  "2021-10-5": 5159.061443,
  "2021-10-6": 23497.559961,
  "2021-10-7": 0,
  "2021-10-8": 0,
  "2021-10-9": 0
}