{
  "2021-10-3": 13609.245843,
  "2021-10-4": 5512.970557,
  "2021-10-5": 5159.061443,
  "2021-10-6": 23497.559961,
  "2021-10-7": 30912.781792,
  "2021-10-8": 12318.884082,
  "2021-10-9": 5480.415581
}