{
  "2021-10-31": 33231.753188,
  "2021-11-1": 26377.778269,
  "2021-11-2": 30141.044904,
  "2021-11-3": 17646.826531,
  "2021-11-4": 0,
  "2021-11-5": 0,
  "2021-11-6": 0
}