{
  "2021-01-31": 33836.457857,
  "2021-02-1": 6727.432772,
  "2021-02-2": 17690.111105,
  "2021-02-3": 22783.572855,
  "2021-02-4": 2049.315139,
  "2021-02-5": 0,
  "2021-02-6": 0
}