{
  "2021-01-31": 33836.457857,
  "2021-02-1": 685.051676,
  "2021-02-2": 0,
  "2021-02-3": 0,
  "2021-02-4": 0,
  "2021-02-5": 0,
  "2021-02-6": 0
}