{
  "1": 0,
  "2": 0,
  "3": 0,
  "4": 0,
  "5": 0,
  "6": 0,
  "7": 0,
  "8": 0,
  "9": 0,
  "10": 0,
  "11": 0,
  "12": 13462.428272,
  "13": 1821.278519,
  "14": 0,
  "15": 0,
  "16": 0,
  "17": 0,
  "18": 2223.768604,
  "19": 3405.361018,
  "20": 12060.578693,
  "21": 20341.993248,
  "22": 19993.552768,
  "23": 925.059532,
  "24": 9502.160282,
  "25": 253.132561,
  "26": 3861.24484,
  "27": 7361.605978,
  "28": 7238.990244,
  "29": 963.355465,
  "30": 8016.295469,
  "31": 4486.489995
}