{
  "1": 397.816311,
  "2": 2943.883829,
  "3": 107.275658,
  "4": 0,
  "5": 57.246394,
  "6": 1206.801184,
  "7": 0,
  "8": 234.712059,
  "9": 1073.264838,
  "10": 0,
  "11": 59.415414,
  "12": 890.968422,
  "13": 11791.074695,
  "14": 830.913078,
  "15": 0,
  "16": 0,
  "17": 0,
  "18": 0,
  "19": 0,
  "20": 0,
  "21": 0,
  "22": 0,
  "23": 0,
  "24": 0,
  "25": 0,
  "26": 0,
  "27": 0
}