{
  "1": 397.816311,
  "2": 2943.883829,
  "3": 107.275658,
  "4": 0,
  "5": 57.246394,
  "6": 1206.801184,
  "7": 0,
  "8": 234.712059,
  "9": 1073.264838,
  "10": 0,
  "11": 59.415414,
  "12": 890.968422,
  "13": 11791.074695,
  "14": 830.913078,
  "15": 5369.736017,
  "16": 14838.656371,
  "17": 6382.674465,
  "18": 4783.678233,
  "19": 16773.888724,
  "20": 1340.192756,
  "21": 13183.560767,
  "22": 7915.312293,
  "23": 11392.577379,
  "24": 10667.675028,
  "25": 0,
  "26": 0,
  "27": 187.549169,
  "28": 6212.332644
}