{
  "1": 14942.56768,
  "2": 12097.024344,
  "3": 1332.797995,
  "4": 3040.032627,
  "5": 587.958508,
  "6": 545.598274,
  "7": 4638.17637,
  "8": 6915.388927,
  "9": 14364.374914,
  "10": 10197.979172,
  "11": 10872.921085,
  "12": 0,
  "13": 0,
  "14": 0,
  "15": 0,
  "16": 0,
  "17": 0,
  "18": 0,
  "19": 0,
  "20": 0,
  "21": 0,
  "22": 0,
  "23": 0,
  "24": 0,
  "25": 0,
  "26": 0,
  "27": 0,
  "28": 0,
  "29": 0,
  "30": 0
}