{
  "1": 14942.56768,
  "2": 12097.024344,
  "3": 1332.797995,
  "4": 3040.032627,
  "5": 587.958508,
  "6": 545.598274,
  "7": 4638.17637,
  "8": 6915.388927,
  "9": 14364.374914,
  "10": 10197.979172,
  "11": 10872.921085,
  "12": 0,
  "13": 9781.10307,
  "14": 0,
  "15": 0,
  "16": 0,
  "17": 0,
  "18": 2047.76849,
  "19": 0,
  "20": 8064.200656,
  "21": 0,
  "22": 0,
  "23": 0,
  "24": 1853.878589,
  "25": 4932.595392,
  "26": 552.881689,
  "27": 4707.403514,
  "28": 523.503169,
  "29": 0,
  "30": 14844.788757,
  "31": 14081.970681
}