{
  "1": 6449.036844,
  "2": 3553.193097,
  "3": 13267.105775,
  "4": 13418.222619,
  "5": 21823.949085,
  "6": 24713.861374,
  "7": 9063.070541,
  "8": 0,
  "9": 0,
  "10": 18017.279085,
  "11": 0,
  "12": 0,
  "13": 0,
  "14": 0,
  "15": 0,
  "16": 0,
  "17": 0,
  "18": 0,
  "19": 0,
  "20": 0,
  "21": 0,
  "22": 0,
  "23": 0,
  "24": 0,
  "25": 0,
  "26": 0,
  "27": 0,
  "28": 0,
  "29": 0
}