{
  "1": 6449.036844,
  "2": 3553.193097,
  "3": 13267.105775,
  "4": 13418.222619,
  "5": 21823.949085,
  "6": 24713.861374,
  "7": 9063.070541,
  "8": 0,
  "9": 0,
  "10": 18017.279085,
  "11": 7943.355022,
  "12": 15682.114917,
  "13": 10343.976444,
  "14": 15809.279179,
  "15": 6901.892774,
  "16": 570.673146,
  "17": 1549.751588,
  "18": 3372.524872,
  "19": 26860.758741,
  "20": 6009.969483,
  "21": 0,
  "22": 0,
  "23": 0,
  "24": 0,
  "25": 0,
  "26": 0,
  "27": 0,
  "28": 0,
  "29": 0
}