{
  "1": 26336.012518,
  "2": 39987.111116,
  "3": 14225.701127,
  "4": 31711.573994,
  "5": 9599.771418,
  "6": 4756.713482,
  "7": 6896.751188,
  "8": 19740.655173,
  "9": 18080.169794,
  "10": 19841.361242,
  "11": 0,
  "12": 0,
  "13": 0,
  "14": 0,
  "15": 0,
  "16": 0,
  "17": 0,
  "18": 0,
  "19": 0,
  "20": 0,
  "21": 0,
  "22": 0,
  "23": 0,
  "24": 0,
  "25": 0,
  "26": 0,
  "27": 0,
  "28": 0,
  "29": 0,
  "30": 0
}