{
  "1": 26336.012518,
  "2": 39987.111116,
  "3": 14225.701127,
  "4": 31711.573994,
  "5": 9599.771418,
  "6": 4756.713482,
  "7": 6896.751188,
  "8": 19740.655173,
  "9": 18080.169794,
  "10": 19841.361242,
  "11": 20892.953893,
  "12": 3716.002031,
  "13": 5705.835508,
  "14": 0,
  "15": 14409.224133,
  "16": 17138.400214,
  "17": 24052.214824,
  "18": 7770.983847,
  "19": 13943.65398,
  "20": 4833.644034,
  "21": 0,
  "22": 1539.97486,
  "23": 18235.177894,
  "24": 15024.274693,
  "25": 2568.317347,
  "26": 9734.736859,
  "27": 2526.935018,
  "28": 6834.925949,
  "29": 3090.530944,
  "30": 0
}