{
  "1": 1748.307837,
  "2": 29661.687667,
  "3": 2978.607422,
  "4": 0,
  "5": 0,
  "6": 8145.189838,
  "7": 5070.433141,
  "8": 1392.836366,
  "9": 16739.618917,
  "10": 0,
  "11": 0,
  "12": 0,
  "13": 10666.830247,
  "14": 15903.057989,
  "15": 13956.982083,
  "16": 14332.934519,
  "17": 1300.159901,
  "18": 0,
  "19": 7659.219064,
  "20": 5004.592239,
  "21": 13080.341097,
  "22": 12816.956185,
  "23": 6472.539359,
  "24": 307.361008,
  "25": 0,
  "26": 3514.400278,
  "27": 8048.684086,
  "28": 10650.308417,
  "29": 7869.29125,
  "30": 3086.867878
}