{
  "1": 1748.307837,
  "2": 29661.687667,
  "3": 2978.607422,
  "4": 0,
  "5": 0,
  "6": 8145.189838,
  "7": 5070.433141,
  "8": 1392.836366,
  "9": 16739.618917,
  "10": 0,
  "11": 0,
  "12": 0,
  "13": 10666.830247,
  "14": 15903.057989,
  "15": 13956.982083,
  "16": 14332.934519,
  "17": 234.862212,
  "18": 0,
  "19": 0,
  "20": 0,
  "21": 0,
  "22": 0,
  "23": 0,
  "24": 0,
  "25": 0,
  "26": 0,
  "27": 0,
  "28": 0,
  "29": 0
}