{
  "1": 23979.076079,
  "2": 21851.316349,
  "3": 1811.772296,
  "4": 483.820549,
  "5": 4359.875936,
  "6": 6258.70414,
  "7": 14179.046832,
  "8": 212.809539,
  "9": 16.100727,
  "10": 4870.323039,
  "11": 5399.487447,
  "12": 14144.491934,
  "13": 5487.254398,
  "14": 0,
  "15": 0,
  "16": 0,
  "17": 0,
  "18": 0,
  "19": 0,
  "20": 0,
  "21": 0,
  "22": 0,
  "23": 0,
  "24": 0,
  "25": 0,
  "26": 0,
  "27": 0,
  "28": 0,
  "29": 0,
  "30": 0
}