{
  "1": 23979.076079,
  "2": 21851.316349,
  "3": 1811.772296,
  "4": 483.820549,
  "5": 4359.875936,
  "6": 6258.70414,
  "7": 14179.046832,
  "8": 212.809539,
  "9": 16.100727,
  "10": 4870.323039,
  "11": 5399.487447,
  "12": 14144.491934,
  "13": 5487.254398,
  "14": 1177.038981,
  "15": 0,
  "16": 2318.026094,
  "17": 5377.365073,
  "18": 2262.383941,
  "19": 5554.696498,
  "20": 4018.299588,
  "21": 1418.922539,
  "22": 0,
  "23": 0,
  "24": 4289.178824,
  "25": 10215.439872,
  "26": 28.863816,
  "27": 6758.432562,
  "28": 12365.270966,
  "29": 3557.379705,
  "30": 8633.786336
}