{
  "1": 3670.06108,
  "2": 6524.008112,
  "3": 20813.446285,
  "4": 16973.212131,
  "5": 673.358386,
  "6": 4973.279246,
  "7": 3652.158098,
  "8": 6519.362716,
  "9": 6866.262678,
  "10": 25080.135171,
  "11": 16878.613055,
  "12": 7026.657169,
  "13": 0,
  "14": 0,
  "15": 0,
  "16": 0,
  "17": 0,
  "18": 0,
  "19": 0,
  "20": 0,
  "21": 0,
  "22": 0,
  "23": 0,
  "24": 0,
  "25": 0,
  "26": 0,
  "27": 0,
  "28": 0,
  "29": 0,
  "30": 0
}