{
  "1": 3670.06108,
  "2": 6524.008112,
  "3": 20813.446285,
  "4": 16973.212131,
  "5": 673.358386,
  "6": 4973.279246,
  "7": 3652.158098,
  "8": 6519.362716,
  "9": 6866.262678,
  "10": 25080.135171,
  "11": 16878.613055,
  "12": 7026.657169,
  "13": 2973.550611,
  "14": 99.003632,
  "15": 10480.440492,
  "16": 4815.793083,
  "17": 17114.7525,
  "18": 21014.753097,
  "19": 6665.393967,
  "20": 3176.377385,
  "21": 4408.358009,
  "22": 806.388275,
  "23": 2649.398978,
  "24": 3908.216554,
  "25": 7206.523746,
  "26": 508.423168,
  "27": 0,
  "28": 7653.502892,
  "29": 12663.827018,
  "30": 2809.506983,
  "31": 14995.55881
}