{
  "1": 4942.283033,
  "2": 3808.773962,
  "3": 0,
  "4": 2838.847299,
  "5": 2307.664248,
  "6": 0,
  "7": 24467.459574,
  "8": 4298.038663,
  "9": 6602.643373,
  "10": 3725.780864,
  "11": 9441.067123,
  "12": 27884.436649,
  "13": 11686.945121,
  "14": 0,
  "15": 284.385643,
  "16": 140.425348,
  "17": 0,
  "18": 0,
  "19": 6123.873716,
  "20": 1555.306536,
  "21": 2851.595404,
  "22": 6684.761859,
  "23": 12761.992008,
  "24": 148.464012,
  "25": 0,
  "26": 0,
  "27": 2881.19582,
  "28": 7933.243644,
  "29": 5234.526549,
  "30": 7425.569403
}