{
  "1": 4942.283033,
  "2": 3808.773962,
  "3": 0,
  "4": 2838.847299,
  "5": 2307.664248,
  "6": 0,
  "7": 24467.459574,
  "8": 4298.038663,
  "9": 6602.643373,
  "10": 3725.780864,
  "11": 1637.246404,
  "12": 0,
  "13": 0,
  "14": 0,
  "15": 0,
  "16": 0,
  "17": 0,
  "18": 0,
  "19": 0,
  "20": 0,
  "21": 0,
  "22": 0,
  "23": 0,
  "24": 0,
  "25": 0,
  "26": 0,
  "27": 0,
  "28": 0,
  "29": 0
}