{
  "1": 125.107577,
  "2": 12582.354333,
  "3": 1505.370655,
  "4": 8202.023159,
  "5": 0,
  "6": 723.823791,
  "7": 14503.233095,
  "8": 13738.684532,
  "9": 0,
  "10": 0,
  "11": 1281.904136,
  "12": 5463.343931,
  "13": 8719.622155,
  "14": 5228.846082,
  "15": 0,
  "16": 12562.895064,
  "17": 4795.988796,
  "18": 0,
  "19": 800.078004,
  "20": 0,
  "21": 5995.751208,
  "22": 0,
  "23": 5257.313324,
  "24": 3106.535868,
  "25": 2611.54708,
  "26": 6.387577,
  "27": 6060.183618,
  "28": 4916.667626,
  "29": 2403.304214,
  "30": 0
}