{
  "1": 125.107577,
  "2": 12582.354333,
  "3": 1505.370655,
  "4": 8202.023159,
  "5": 0,
  "6": 723.823791,
  "7": 14503.233095,
  "8": 13738.684532,
  "9": 0,
  "10": 0,
  "11": 1281.904136,
  "12": 5463.343931,
  "13": 8719.622155,
  "14": 0,
  "15": 0,
  "16": 0,
  "17": 0,
  "18": 0,
  "19": 0,
  "20": 0,
  "21": 0,
  "22": 0,
  "23": 0,
  "24": 0,
  "25": 0,
  "26": 0,
  "27": 0,
  "28": 0,
  "29": 0,
  "30": 0
}