{
  "1": 4302.763542,
  "2": 8577.295442,
  "3": 8449.465087,
  "4": 5254.712861,
  "5": 14540.29094,
  "6": 4784.040805,
  "7": 0,
  "8": 17288.836586,
  "9": 14787.857903,
  "10": 2939.18557,
  "11": 1019.712268,
  "12": 0,
  "13": 0,
  "14": 9165.708375,
  "15": 24950.679364,
  "16": 19911.629094,
  "17": 14286.667995,
  "18": 3393.436938,
  "19": 12524.727581,
  "20": 14342.132093,
  "21": 8209.896673,
  "22": 731.153575,
  "23": 10592.456771,
  "24": 7426.793847,
  "25": 8796.97781,
  "26": 0,
  "27": 0,
  "28": 0,
  "29": 0
}