{
  "1": 4302.763542,
  "2": 8577.295442,
  "3": 8449.465087,
  "4": 5254.712861,
  "5": 14540.29094,
  "6": 4784.040805,
  "7": 0,
  "8": 17288.836586,
  "9": 14787.857903,
  "10": 2939.18557,
  "11": 1019.712268,
  "12": 0,
  "13": 0,
  "14": 9165.708375,
  "15": 0,
  "16": 0,
  "17": 0,
  "18": 0,
  "19": 0,
  "20": 0,
  "21": 0,
  "22": 0,
  "23": 0,
  "24": 0,
  "25": 0,
  "26": 0,
  "27": 0,
  "28": 0,
  "29": 0
}