{
  "1": 19475.470734,
  "2": 10050.254952,
  "3": 5131.582298,
  "4": 2755.055752,
  "5": 299.845866,
  "6": 7308.055285,
  "7": 7192.952464,
  "8": 12869.589984,
  "9": 19417.252792,
  "10": 11055.574125,
  "11": 2572.93372,
  "12": 4797.306254,
  "13": 21890.047234,
  "14": 29038.241168,
  "15": 37235.462666,
  "16": 28097.142175,
  "17": 2782.93246,
  "18": 0,
  "19": 0,
  "20": 0,
  "21": 0,
  "22": 0,
  "23": 0,
  "24": 0,
  "25": 0,
  "26": 0,
  "27": 0,
  "28": 0,
  "29": 0,
  "30": 0
}