{
  "1": 30875.131015,
  "2": 3667.737338,
  "3": 2970.606943,
  "4": 387.965523,
  "5": 26941.282924,
  "6": 3931.941972,
  "7": 2100.070209,
  "8": 19055.421445,
  "9": 7330.284876,
  "10": 29166.020095,
  "11": 23472.791961,
  "12": 0,
  "13": 0,
  "14": 0,
  "15": 0,
  "16": 0,
  "17": 0,
  "18": 0,
  "19": 0,
  "20": 0,
  "21": 0,
  "22": 0,
  "23": 0,
  "24": 0,
  "25": 0,
  "26": 0,
  "27": 0,
  "28": 0,
  "29": 0,
  "30": 0
}