{
  "1": 0,
  "2": 81.325473,
  "3": 14823.469874,
  "4": 2186.898895,
  "5": 15800.712179,
  "6": 18793.580207,
  "7": 15021.624761,
  "8": 18678.026328,
  "9": 26134.314882,
  "10": 10575.941242,
  "11": 2701.088818,
  "12": 10062.474857,
  "13": 3326.113202,
  "14": 21890.840488,
  "15": 15000.836799,
  "16": 28053.01815,
  "17": 27594.616998,
  "18": 21410.318005,
  "19": 867.429296,
  "20": 0,
  "21": 0,
  "22": 0,
  "23": 0,
  "24": 0,
  "25": 0,
  "26": 0,
  "27": 0
}