{
  "1": 0,
  "2": 81.325473,
  "3": 14823.469874,
  "4": 2186.898895,
  "5": 15800.712179,
  "6": 18793.580207,
  "7": 15021.624761,
  "8": 18678.026328,
  "9": 26134.314882,
  "10": 0,
  "11": 0,
  "12": 0,
  "13": 0,
  "14": 0,
  "15": 0,
  "16": 0,
  "17": 0,
  "18": 0,
  "19": 0,
  "20": 0,
  "21": 0,
  "22": 0,
  "23": 0,
  "24": 0,
  "25": 0,
  "26": 0,
  "27": 0
}