{
  "1": 32512.633667,
  "2": 5683.965894,
  "3": 1518.972885,
  "4": 5493.618698,
  "5": 1170.857772,
  "6": 26411.570038,
  "7": 30752.083896,
  "8": 38173.820717,
  "9": 29895.134262,
  "10": 9202.550638,
  "11": 12788.882768,
  "12": 29643.927836,
  "13": 21704.053457,
  "14": 28278.721278,
  "15": 29922.146667,
  "16": 15532.546491,
  "17": 8003.9823,
  "18": 2660.563386,
  "19": 44459.290946,
  "20": 0,
  "21": 0,
  "22": 0,
  "23": 0,
  "24": 0,
  "25": 0,
  "26": 0,
  "27": 0,
  "28": 0,
  "29": 0,
  "30": 0
}