{
  "1": 32512.633667,
  "2": 5683.965894,
  "3": 1518.972885,
  "4": 5493.618698,
  "5": 1170.857772,
  "6": 26411.570038,
  "7": 30752.083896,
  "8": 38173.820717,
  "9": 29895.134262,
  "10": 9202.550638,
  "11": 12788.882768,
  "12": 0,
  "13": 0,
  "14": 0,
  "15": 0,
  "16": 0,
  "17": 0,
  "18": 0,
  "19": 0,
  "20": 0,
  "21": 0,
  "22": 0,
  "23": 0,
  "24": 0,
  "25": 0,
  "26": 0,
  "27": 0,
  "28": 0,
  "29": 0,
  "30": 0
}