{
  "1": 18.264701,
  "2": 6377.068005,
  "3": 12254.44092,
  "4": 16031.106486,
  "5": 13083.932866,
  "6": 2753.535295,
  "7": 18674.153002,
  "8": 3392.998405,
  "9": 211.233839,
  "10": 354.530284,
  "11": 0,
  "12": 7094.011961,
  "13": 289.432459,
  "14": 0,
  "15": 0,
  "16": 4851.355812,
  "17": 8365.737586,
  "18": 23788.37691,
  "19": 5205.109532,
  "20": 0,
  "21": 0,
  "22": 0,
  "23": 0,
  "24": 0,
  "25": 0,
  "26": 0,
  "27": 0,
  "28": 0,
  "29": 0
}