{
  "1": 18.264701,
  "2": 6377.068005,
  "3": 12254.44092,
  "4": 16031.106486,
  "5": 13083.932866,
  "6": 2753.535295,
  "7": 11917.530993,
  "8": 0,
  "9": 0,
  "10": 0,
  "11": 0,
  "12": 0,
  "13": 0,
  "14": 0,
  "15": 0,
  "16": 0,
  "17": 0,
  "18": 0,
  "19": 0,
  "20": 0,
  "21": 0,
  "22": 0,
  "23": 0,
  "24": 0,
  "25": 0,
  "26": 0,
  "27": 0,
  "28": 0,
  "29": 0
}