{
  "1": 17307.067736,
  "2": 8899.633102,
  "3": 13242.829514,
  "4": 14935.766961,
  "5": 176.468588,
  "6": 17189.991486,
  "7": 13622.848773,
  "8": 24328.761942,
  "9": 11545.368795,
  "10": 8344.382738,
  "11": 12450.108826,
  "12": 0,
  "13": 3548.853595,
  "14": 11484.780622,
  "15": 4236.705014,
  "16": 0,
  "17": 10059.363557,
  "18": 23730.56977,
  "19": 5589.045078,
  "20": 0,
  "21": 0,
  "22": 0,
  "23": 0,
  "24": 0,
  "25": 0,
  "26": 0,
  "27": 0,
  "28": 0,
  "29": 0,
  "30": 0
}