{
  "1": 12529.265489,
  "2": 0,
  "3": 0,
  "4": 19187.901785,
  "5": 12783.402193,
  "6": 5770.077795,
  "7": 2690.235209,
  "8": 0,
  "9": 0,
  "10": 0,
  "11": 20657.827602,
  "12": 2354.501421,
  "13": 9441.776581,
  "14": 0,
  "15": 0,
  "16": 0,
  "17": 0,
  "18": 0,
  "19": 0,
  "20": 0,
  "21": 0,
  "22": 0,
  "23": 0,
  "24": 0,
  "25": 0,
  "26": 0,
  "27": 0,
  "28": 0,
  "29": 0
}