{
  "1": 0,
  "2": 2975.583785,
  "3": 15580.17531,
  "4": 16537.356968,
  "5": 17157.489348,
  "6": 10599.563189,
  "7": 2718.234022,
  "8": 22.854199,
  "9": 11049.593808,
  "10": 21103.362922,
  "11": 25218.550733,
  "12": 16723.918589,
  "13": 14769.715335,
  "14": 0,
  "15": 16.513728,
  "16": 27470.326844,
  "17": 14666.538379,
  "18": 16969.246676,
  "19": 20189.054096,
  "20": 10021.509187,
  "21": 0,
  "22": 10692.834697,
  "23": 27540.195088,
  "24": 11751.520267,
  "25": 21246.971031,
  "26": 11809.857022,
  "27": 4337.444388,
  "28": 0,
  "29": 7.227633,
  "30": 21487.936075,
  "31": 22031.214994
}