{
  "1": 0,
  "2": 2975.583785,
  "3": 15580.17531,
  "4": 16537.356968,
  "5": 17157.489348,
  "6": 10599.563189,
  "7": 2718.234022,
  "8": 22.854199,
  "9": 11049.593808,
  "10": 21103.362922,
  "11": 25218.550733,
  "12": 16723.918589,
  "13": 14769.715335,
  "14": 0,
  "15": 16.513728,
  "16": 27470.326844,
  "17": 0,
  "18": 0,
  "19": 0,
  "20": 0,
  "21": 0,
  "22": 0,
  "23": 0,
  "24": 0,
  "25": 0,
  "26": 0,
  "27": 0,
  "28": 0,
  "29": 0,
  "30": 0
}