{
  "1": 23298.279492,
  "2": 13799.937303,
  "3": 2775.049424,
  "4": 1668.141854,
  "5": 367.34525,
  "6": 12543.063452,
  "7": 6614.498024,
  "8": 17184.858827,
  "9": 16577.789376,
  "10": 7686.901549,
  "11": 22.478665,
  "12": 0,
  "13": 1691.425599,
  "14": 11836.954101,
  "15": 11617.364648,
  "16": 5148.425889,
  "17": 14900.013051,
  "18": 894.631269,
  "19": 0,
  "20": 18181.314977,
  "21": 13218.676225,
  "22": 13143.655532,
  "23": 11928.449226,
  "24": 5436.577619,
  "25": 3360.812267,
  "26": 990.202764,
  "27": 6390.497744,
  "28": 14201.587574,
  "29": 10809.499523,
  "30": 9624.574318
}