{
  "1": 23298.279492,
  "2": 13799.937303,
  "3": 2775.049424,
  "4": 1668.141854,
  "5": 367.34525,
  "6": 12543.063452,
  "7": 6614.498024,
  "8": 17184.858827,
  "9": 16577.789376,
  "10": 7686.901549,
  "11": 22.478665,
  "12": 0,
  "13": 1691.425599,
  "14": 11836.954101,
  "15": 0,
  "16": 0,
  "17": 0,
  "18": 0,
  "19": 0,
  "20": 0,
  "21": 0,
  "22": 0,
  "23": 0,
  "24": 0,
  "25": 0,
  "26": 0,
  "27": 0,
  "28": 0,
  "29": 0,
  "30": 0
}