{
  "1": 0,
  "2": 0,
  "3": 0,
  "4": 4522.212485,
  "5": 11320.73939,
  "6": 9971.425472,
  "7": 7277.093868,
  "8": 2602.223922,
  "9": 1351.299248,
  "10": 0,
  "11": 731.345948,
  "12": 0,
  "13": 1198.889254,
  "14": 0,
  "15": 0,
  "16": 0,
  "17": 0,
  "18": 0,
  "19": 0,
  "20": 0,
  "21": 0,
  "22": 0,
  "23": 0,
  "24": 640.954485,
  "25": 625.640354,
  "26": 1456.246997,
  "27": 0,
  "28": 0,
  "29": 0
}