{
  "1": 2355.444921,
  "2": 17865.364595,
  "3": 4349.702783,
  "4": 4116.847112,
  "5": 2201.718384,
  "6": 0,
  "7": 629.711947,
  "8": 4649.633269,
  "9": 17200.317688,
  "10": 15039.529559,
  "11": 18262.170355,
  "12": 0,
  "13": 162.024629,
  "14": 1037.436198,
  "15": 237.81336,
  "16": 10161.343407,
  "17": 8893.559923,
  "18": 3524.669574,
  "19": 17347.698566,
  "20": 0,
  "21": 3364.157578,
  "22": 19826.76439,
  "23": 4620.934133,
  "24": 3777.245307,
  "25": 11085.425913,
  "26": 760.423398,
  "27": 5242.612884,
  "28": 18019.080052,
  "29": 26250.763164,
  "30": 28114.039602,
  "31": 23240.242561
}