{
  "1": 2355.444921,
  "2": 17865.364595,
  "3": 4349.702783,
  "4": 4116.847112,
  "5": 2201.718384,
  "6": 0,
  "7": 629.711947,
  "8": 4649.633269,
  "9": 17200.317688,
  "10": 15039.529559,
  "11": 18262.170355,
  "12": 0,
  "13": 162.024629,
  "14": 1037.436198,
  "15": 237.81336,
  "16": 10161.343407,
  "17": 8893.559923,
  "18": 3524.669574,
  "19": 0,
  "20": 0,
  "21": 0,
  "22": 0,
  "23": 0,
  "24": 0,
  "25": 0,
  "26": 0,
  "27": 0,
  "28": 0,
  "29": 0,
  "30": 0
}