{
  "1": 2355.444921,
  "2": 17865.364595,
  "3": 4349.702783,
  "4": 4116.847112,
  "5": 2201.718384,
  "6": 0,
  "7": 0,
  "8": 0,
  "9": 0,
  "10": 0,
  "11": 0,
  "12": 0,
  "13": 0,
  "14": 0,
  "15": 0,
  "16": 0,
  "17": 0,
  "18": 0,
  "19": 0,
  "20": 0,
  "21": 0,
  "22": 0,
  "23": 0,
  "24": 0,
  "25": 0,
  "26": 0,
  "27": 0,
  "28": 0,
  "29": 0,
  "30": 0
}