{
  "1": 9509.107829,
  "2": 12247.582176,
  "3": 5776.504923,
  "4": 30193.096838,
  "5": 9731.149479,
  "6": 8709.576498,
  "7": 14874.367928,
  "8": 16405.752543,
  "9": 11749.410784,
  "10": 0,
  "11": 0,
  "12": 0,
  "13": 0,
  "14": 0,
  "15": 0,
  "16": 0,
  "17": 0,
  "18": 0,
  "19": 0,
  "20": 0,
  "21": 0,
  "22": 0,
  "23": 0,
  "24": 0,
  "25": 0,
  "26": 0,
  "27": 0,
  "28": 0,
  "29": 0
}