{
  "1": 9509.107829,
  "2": 12247.582176,
  "3": 5776.504923,
  "4": 30193.096838,
  "5": 9731.149479,
  "6": 8709.576498,
  "7": 14874.367928,
  "8": 16405.752543,
  "9": 11749.410784,
  "10": 0,
  "11": 9881.849848,
  "12": 28642.865797,
  "13": 25088.600415,
  "14": 34837.134387,
  "15": 18890.454427,
  "16": 17347.501548,
  "17": 19384.027341,
  "18": 28736.785433,
  "19": 41687.028807,
  "20": 17125.148146,
  "21": 19905.25068,
  "22": 25007.968543,
  "23": 9169.806494,
  "24": 17296.071964,
  "25": 0,
  "26": 0,
  "27": 0,
  "28": 0,
  "29": 0
}