{
  "1": 2745.64869,
  "2": 2574.276559,
  "3": 15941.361336,
  "4": 18858.974972,
  "5": 28483.951382,
  "6": 37349.684681,
  "7": 28177.303517,
  "8": 3054.569431,
  "9": 1326.185271,
  "10": 16757.642013,
  "11": 17899.539737,
  "12": 20234.813884,
  "13": 13365.750779,
  "14": 25511.174415,
  "15": 18600.732271,
  "16": 6589.483313,
  "17": 3503.604682,
  "18": 1217.518823,
  "19": 6423.028692,
  "20": 0,
  "21": 0,
  "22": 0,
  "23": 0,
  "24": 0,
  "25": 0,
  "26": 0,
  "27": 0,
  "28": 0,
  "29": 0,
  "30": 0
}