{
  "2023-01-1": 30875.131015,
  "2023-01-2": 3667.737338,
  "2023-01-3": 2970.606943,
  "2023-01-4": 387.965523,
  "2023-01-5": 26941.282924,
  "2023-01-6": 3931.941972,
  "2023-01-7": 2100.070209,
  "2023-12-31": 3331.10599
}