{
  "2023-01-1": 30875.131015,
  "2023-01-2": 1934.775646,
  "2023-01-3": 0,
  "2023-01-4": 0,
  "2023-01-5": 0,
  "2023-01-6": 0,
  "2023-01-7": 0
}