{
  "2023-01-1": 30875.131015,
  "2023-01-2": 3667.737338,
  "2023-01-3": 2970.606943,
  "2023-01-4": 387.965523,
  "2023-01-5": 0,
  "2023-01-6": 0,
  "2023-01-7": 0
}