{
  "2023-04-2": 6377.068005,
  "2023-04-3": 12254.44092,
  "2023-04-4": 0,
  "2023-04-5": 0,
  "2023-04-6": 0,
  "2023-04-7": 0,
  "2023-04-8": 0
}