{
  "2023-04-2": 6377.068005,
  "2023-04-3": 12254.44092,
  "2023-04-4": 16031.106486,
  "2023-04-5": 13083.932866,
  "2023-04-6": 2753.535295,
  "2023-04-7": 0,
  "2023-04-8": 0
}