{
  "2023-04-30": 19409.174442,
  "2023-05-1": 17307.067736,
  "2023-05-2": 0,
  "2023-05-3": 0,
  "2023-05-4": 0,
  "2023-05-5": 0,
  "2023-05-6": 0
}