{
  "2023-07-2": 2975.583785,
  "2023-07-3": 15580.17531,
  "2023-07-4": 16537.356968,
  "2023-07-5": 17157.489348,
  "2023-07-6": 0,
  "2023-07-7": 0,
  "2023-07-8": 0
}