{
  "2023-09-3": 0,
  "2023-09-4": 4522.212485,
  "2023-09-5": 11320.73939,
  "2023-09-6": 9971.425472,
  "2023-09-7": 7277.093868,
  "2023-09-8": 2602.223922,
  "2023-09-9": 1351.299248
}