{
  "2023-09-3": 0,
  "2023-09-4": 4522.212485,
  "2023-09-5": 11320.73939,
  "2023-09-6": 9971.425472,
  "2023-09-7": 0,
  "2023-09-8": 0,
  "2023-09-9": 0
}