{
  "2023-10-1": 2355.444921,
  "2023-10-2": 17865.364595,
  "2023-10-3": 4349.702783,
  "2023-10-4": 4116.847112,
  "2023-10-5": 2201.718384,
  "2023-10-6": 0,
  "2023-10-7": 629.711947
}