{
  "2023-12-3": 15941.361336,
  "2023-12-4": 18858.974972,
  "2023-12-5": 28483.951382,
  "2023-12-6": 37349.684681,
  "2023-12-7": 28177.303517,
  "2023-12-8": 3054.569431,
  "2023-12-9": 1326.185271
}