{
  "1": 16761.275381,
  "2": 4642.783602,
  "3": 22144.990212,
  "4": 4631.377713,
  "5": 23529.673624,
  "6": 29152.242539,
  "7": 17037.839342,
  "8": 28201.01105,
  "9": 1852.147402,
  "10": 4777.616471,
  "11": 2013.728275,
  "12": 0,
  "13": 0,
  "14": 0,
  "15": 0,
  "16": 0,
  "17": 0,
  "18": 0,
  "19": 0,
  "20": 0,
  "21": 0,
  "22": 0,
  "23": 0,
  "24": 0,
  "25": 0,
  "26": 0,
  "27": 0,
  "28": 0,
  "29": 0,
  "30": 0
}