{
  "1": 0,
  "2": 0,
  "3": 16617.888382,
  "4": 6119.747923,
  "5": 7810.718108,
  "6": 7463.336326,
  "7": 0,
  "8": 5039.372487,
  "9": 14525.777471,
  "10": 23909.035661,
  "11": 6651.217956,
  "12": 13274.27325,
  "13": 7508.907984,
  "14": 2972.460794,
  "15": 0,
  "16": 8770.970609,
  "17": 17752.326559,
  "18": 12177.66074,
  "19": 4088.049969,
  "20": 6426.837716,
  "21": 0,
  "22": 0,
  "23": 0,
  "24": 0,
  "25": 0,
  "26": 0,
  "27": 0
}