{
  "1": 14973.213421,
  "2": 4371.194558,
  "3": 23054.037562,
  "4": 15770.56992,
  "5": 8610.919431,
  "6": 18143.324938,
  "7": 12333.509753,
  "8": 2448.791352,
  "9": 26133.718376,
  "10": 22553.609826,
  "11": 3782.064614,
  "12": 2232.775499,
  "13": 1273.166491,
  "14": 5816.128504,
  "15": 0,
  "16": 20663.457696,
  "17": 0,
  "18": 0,
  "19": 0,
  "20": 0,
  "21": 0,
  "22": 0,
  "23": 0,
  "24": 0,
  "25": 0,
  "26": 0,
  "27": 0,
  "28": 0,
  "29": 0,
  "30": 0
}