{
  "1": 14973.213421,
  "2": 4371.194558,
  "3": 23054.037562,
  "4": 15770.56992,
  "5": 8610.919431,
  "6": 18143.324938,
  "7": 12333.509753,
  "8": 2448.791352,
  "9": 26133.718376,
  "10": 22553.609826,
  "11": 3782.064614,
  "12": 2232.775499,
  "13": 1273.166491,
  "14": 5816.128504,
  "15": 0,
  "16": 20779.65478,
  "17": 24821.208809,
  "18": 12961.009103,
  "19": 26667.199589,
  "20": 13961.761458,
  "21": 9656.649964,
  "22": 6802.346768,
  "23": 25270.459607,
  "24": 15028.633201,
  "25": 27205.489008,
  "26": 9248.966043,
  "27": 7713.002148,
  "28": 17.151405,
  "29": 7176.703482,
  "30": 17550.113777,
  "31": 7920.463272
}