{
  "1": 4844.468363,
  "2": 14823.98338,
  "3": 7378.849725,
  "4": 15285.775924,
  "5": 84.411353,
  "6": 12462.36673,
  "7": 9288.922236,
  "8": 10003.823761,
  "9": 8203.287666,
  "10": 0,
  "11": 0,
  "12": 0,
  "13": 0,
  "14": 0,
  "15": 0,
  "16": 0,
  "17": 0,
  "18": 0,
  "19": 0,
  "20": 0,
  "21": 0,
  "22": 0,
  "23": 0,
  "24": 0,
  "25": 0,
  "26": 0,
  "27": 0,
  "28": 0,
  "29": 0
}