{
  "1": 4844.468363,
  "2": 14823.98338,
  "3": 7378.849725,
  "4": 15285.775924,
  "5": 84.411353,
  "6": 12462.36673,
  "7": 9288.922236,
  "8": 10003.823761,
  "9": 8214.50208,
  "10": 8594.746837,
  "11": 748.269895,
  "12": 126.113371,
  "13": 11817.707826,
  "14": 13876.68912,
  "15": 19578.473322,
  "16": 9113.871134,
  "17": 4749.481829,
  "18": 0,
  "19": 2701.908093,
  "20": 17479.875295,
  "21": 22736.548673,
  "22": 8775.376375,
  "23": 18249.883638,
  "24": 8204.61972,
  "25": 12397.072953,
  "26": 0,
  "27": 8949.408676,
  "28": 13009.412454,
  "29": 7296.085066
}