{
  "1": 11880.372768,
  "2": 391.547259,
  "3": 2436.210072,
  "4": 10400.39527,
  "5": 16788.750207,
  "6": 20583.675273,
  "7": 13925.092895,
  "8": 9561.504683,
  "9": 869.622124,
  "10": 3426.264507,
  "11": 6265.420964,
  "12": 17463.783508,
  "13": 13809.619197,
  "14": 952.841676,
  "15": 0,
  "16": 0,
  "17": 0,
  "18": 0,
  "19": 0,
  "20": 0,
  "21": 0,
  "22": 0,
  "23": 0,
  "24": 0,
  "25": 0,
  "26": 0,
  "27": 0,
  "28": 0,
  "29": 0,
  "30": 0
}