{
  "1": 22119.98352,
  "2": 13342.101232,
  "3": 756.259199,
  "4": 8445.850167,
  "5": 6797.503609,
  "6": 0,
  "7": 149.675655,
  "8": 618.396622,
  "9": 8461.545684,
  "10": 1518.194837,
  "11": 10629.845018,
  "12": 7685.815955,
  "13": 786.666808,
  "14": 1784.729018,
  "15": 9132.044085,
  "16": 12769.302288,
  "17": 15435.963772,
  "18": 18321.607345,
  "19": 16567.967207,
  "20": 0,
  "21": 0,
  "22": 0,
  "23": 0,
  "24": 0,
  "25": 0,
  "26": 0,
  "27": 0,
  "28": 0,
  "29": 0
}