{
  "1": 22119.98352,
  "2": 13342.101232,
  "3": 756.259199,
  "4": 8445.850167,
  "5": 6797.503609,
  "6": 0,
  "7": 149.675655,
  "8": 618.396622,
  "9": 8461.545684,
  "10": 1518.194837,
  "11": 10629.845018,
  "12": 7685.815955,
  "13": 786.666808,
  "14": 1784.729018,
  "15": 9132.044085,
  "16": 12769.302288,
  "17": 15435.963772,
  "18": 18321.607345,
  "19": 16687.304642,
  "20": 173.924528,
  "21": 0,
  "22": 12117.160647,
  "23": 24064.322524,
  "24": 19113.64137,
  "25": 21496.974726,
  "26": 17954.506646,
  "27": 1356.206577,
  "28": 3066.61981,
  "29": 15905.84786,
  "30": 25199.137544
}