{
  "1": 8907.507729,
  "2": 19565.625472,
  "3": 13758.923165,
  "4": 0,
  "5": 0,
  "6": 16081.084488,
  "7": 19480.239312,
  "8": 0,
  "9": 0,
  "10": 0,
  "11": 0,
  "12": 8478.655702,
  "13": 14678.897913,
  "14": 25796.653028,
  "15": 20102.784573,
  "16": 7116.365038,
  "17": 6050.362008,
  "18": 0,
  "19": 0,
  "20": 16378.703827,
  "21": 17422.797388,
  "22": 8206.88998,
  "23": 8483.48575,
  "24": 5238.334575,
  "25": 3978.257113,
  "26": 179.508856,
  "27": 4472.002818,
  "28": 0,
  "29": 0,
  "30": 0
}