{
  "1": 8907.507729,
  "2": 19565.625472,
  "3": 13758.923165,
  "4": 0,
  "5": 0,
  "6": 16081.084488,
  "7": 19480.239312,
  "8": 0,
  "9": 0,
  "10": 0,
  "11": 0,
  "12": 8478.655702,
  "13": 14678.897913,
  "14": 25796.653028,
  "15": 20102.784573,
  "16": 7013.337741,
  "17": 0,
  "18": 0,
  "19": 0,
  "20": 0,
  "21": 0,
  "22": 0,
  "23": 0,
  "24": 0,
  "25": 0,
  "26": 0,
  "27": 0,
  "28": 0,
  "29": 0,
  "30": 0
}