{
  "1": 0,
  "2": 0,
  "3": 0,
  "4": 0,
  "5": 0,
  "6": 0,
  "7": 0,
  "8": 0,
  "9": 58618.98046,
  "10": 223099.05521399996,
  "11": 335741.44765099994,
  "12": 144080.253988
}