{
  "1": 277095.13114,
  "2": 367708.58030800003,
  "3": 273817.087943,
  "4": 412554.391959,
  "5": 327205.54852700006,
  "6": 99109.37630200002,
  "7": 447561.45379099995,
  "8": 408031.64192,
  "9": 225517.431923,
  "10": 0,
  "11": 0,
  "12": 0
}