{
  "1": 463959.15848999994,
  "2": 434638.46142099996,
  "3": 119079.20042799998,
  "4": 0,
  "5": 0,
  "6": 0,
  "7": 0,
  "8": 0,
  "9": 0,
  "10": 0,
  "11": 0,
  "12": 0
}