{
  "1": 463959.15848999994,
  "2": 434638.46142099996,
  "3": 424200.918947,
  "4": 427330.3730880001,
  "5": 521429.490388,
  "6": 286293.04959,
  "7": 178493.420707,
  "8": 127930.826991,
  "9": 0,
  "10": 0,
  "11": 0,
  "12": 0
}