{
  "1": 115917.295488,
  "2": 118641.205728,
  "3": 140924.913903,
  "4": 309156.496172,
  "5": 363193.6070800001,
  "6": 200407.20678799998,
  "7": 171029.16406,
  "8": 243600.32332700002,
  "9": 38365.028116,
  "10": 0,
  "11": 0,
  "12": 0
}