{
  "1": 115917.295488,
  "2": 118641.205728,
  "3": 140924.913903,
  "4": 309156.496172,
  "5": 0,
  "6": 0,
  "7": 0,
  "8": 0,
  "9": 0,
  "10": 0,
  "11": 0,
  "12": 0
}