{
  "1": 240526.45980200003,
  "2": 449856.6375250001,
  "3": 613159.791166,
  "4": 252834.02740399996,
  "5": 316849.052706,
  "6": 293520.37781200005,
  "7": 374694.788313,
  "8": 255913.00554199997,
  "9": 57737.52313100001,
  "10": 170709.513591,
  "11": 0,
  "12": 0
}