{
  "1": 240526.45980200003,
  "2": 321872.1202040001,
  "3": 0,
  "4": 0,
  "5": 0,
  "6": 0,
  "7": 0,
  "8": 0,
  "9": 0,
  "10": 0,
  "11": 0,
  "12": 0
}