{
  "1": 240526.45980200003,
  "2": 449856.6375250001,
  "3": 613159.791166,
  "4": 80534.708223,
  "5": 0,
  "6": 0,
  "7": 0,
  "8": 0,
  "9": 0,
  "10": 0,
  "11": 0,
  "12": 0
}