{
  "1": 189764.106654,
  "2": 263736.110251,
  "3": 263982.415604,
  "4": 296836.7661930001,
  "5": 64636.61606599999,
  "6": 0,
  "7": 0,
  "8": 0,
  "9": 0,
  "10": 0,
  "11": 0,
  "12": 0
}