{
  "1": 189764.106654,
  "2": 263736.110251,
  "3": 263982.415604,
  "4": 296836.7661930001,
  "5": 264927.68660599994,
  "6": 285730.43068199995,
  "7": 281047.586674,
  "8": 271388.9166879999,
  "9": 60626.24517499999,
  "10": 0,
  "11": 0,
  "12": 0
}