{
  "1": 189764.106654,
  "2": 263736.110251,
  "3": 263982.415604,
  "4": 296836.7661930001,
  "5": 264927.68660599994,
  "6": 285730.43068199995,
  "7": 281047.586674,
  "8": 271388.9166879999,
  "9": 64181.62623999999,
  "10": 14293.095275,
  "11": 377212.734995,
  "12": 464733.52266899997
}