{
  "1": 189764.106654,
  "2": 263736.110251,
  "3": 263982.415604,
  "4": 296836.7661930001,
  "5": 264927.68660599994,
  "6": 8197.927855,
  "7": 0,
  "8": 0,
  "9": 0,
  "10": 0,
  "11": 0,
  "12": 0
}