{
  "1": 189764.106654,
  "2": 263736.110251,
  "3": 263982.415604,
  "4": 269184.70364500006,
  "5": 0,
  "6": 0,
  "7": 0,
  "8": 0,
  "9": 0,
  "10": 0,
  "11": 0,
  "12": 0
}