{
  "1": 189764.106654,
  "2": 263736.110251,
  "3": 131510.86201799999,
  "4": 0,
  "5": 0,
  "6": 0,
  "7": 0,
  "8": 0,
  "9": 0,
  "10": 0,
  "11": 0,
  "12": 0
}