{
  "1": 154761.397179,
  "2": 233652.13207599998,
  "3": 394283.815346,
  "4": 275431.24953,
  "5": 264022.78517499997,
  "6": 155323.45202100003,
  "7": 0,
  "8": 0,
  "9": 0,
  "10": 0,
  "11": 0,
  "12": 0
}