{
  "1": 154761.397179,
  "2": 233652.13207599998,
  "3": 394283.815346,
  "4": 275431.24953,
  "5": 264022.78517499997,
  "6": 295891.131688,
  "7": 291320.63765600004,
  "8": 344974.648,
  "9": 158905.75999999998,
  "10": 217781.78300000005,
  "11": 127123.71200000001,
  "12": 0
}