{
  "1": 154761.397179,
  "2": 233652.13207599998,
  "3": 42377.972824,
  "4": 0,
  "5": 0,
  "6": 0,
  "7": 0,
  "8": 0,
  "9": 0,
  "10": 0,
  "11": 0,
  "12": 0
}