{
  "1": 274769.06,
  "2": 102447.49599999998,
  "3": 117449.41699999997,
  "4": 39640.258,
  "5": 0,
  "6": 0,
  "7": 0,
  "8": 0,
  "9": 0,
  "10": 0,
  "11": 0,
  "12": 0
}