{
  "1": 8100.245573,
  "2": 20261.871261,
  "3": 25373.499887,
  "4": 21229.404717,
  "5": 10800.757255,
  "6": 15360.902077,
  "7": 17253.530664,
  "8": 18304.947118,
  "9": 5971.602489,
  "10": 18819.401501,
  "11": 11251.874186,
  "12": 11167.761472,
  "13": 25961.111798,
  "14": 23380.135334,
  "15": 13646.550839,
  "16": 0,
  "17": 0,
  "18": 0,
  "19": 0,
  "20": 0,
  "21": 0,
  "22": 0,
  "23": 0,
  "24": 0,
  "25": 0,
  "26": 0,
  "27": 0,
  "28": 0,
  "29": 0,
  "30": 0
}