{
  "1": 8100.245573,
  "2": 20261.871261,
  "3": 25373.499887,
  "4": 21229.404717,
  "5": 10800.757255,
  "6": 15360.902077,
  "7": 17253.530664,
  "8": 18304.947118,
  "9": 5971.602489,
  "10": 18819.401501,
  "11": 11251.874186,
  "12": 11167.761472,
  "13": 25961.111798,
  "14": 23380.135334,
  "15": 13646.550839,
  "16": 3912.961456,
  "17": 6584.608893,
  "18": 16855.672748,
  "19": 3042.482127,
  "20": 24780.853412,
  "21": 23490.817216,
  "22": 3065.441928,
  "23": 3495.876986,
  "24": 14723.581061,
  "25": 16453.080761,
  "26": 18426.302398,
  "27": 15774.903944,
  "28": 20794.402322,
  "29": 11838.11921,
  "30": 0,
  "31": 33836.457857
}