{
  "1": 8100.245573,
  "2": 20261.871261,
  "3": 25373.499887,
  "4": 21229.404717,
  "5": 10800.757255,
  "6": 454.024647,
  "7": 0,
  "8": 0,
  "9": 0,
  "10": 0,
  "11": 0,
  "12": 0,
  "13": 0,
  "14": 0,
  "15": 0,
  "16": 0,
  "17": 0,
  "18": 0,
  "19": 0,
  "20": 0,
  "21": 0,
  "22": 0,
  "23": 0,
  "24": 0,
  "25": 0,
  "26": 0,
  "27": 0,
  "28": 0,
  "29": 0,
  "30": 0
}