{
  "1": 6727.432772,
  "2": 17690.111105,
  "3": 22783.572855,
  "4": 27915.64149,
  "5": 18988.573933,
  "6": 4749.692616,
  "7": 18926.333795,
  "8": 26094.936211,
  "9": 20428.129972,
  "10": 24001.260151,
  "11": 4844.373287,
  "12": 7172.750993,
  "13": 22416.461886,
  "14": 21874.635483,
  "15": 10509.44468,
  "16": 2149.825122,
  "17": 17536.9399,
  "18": 17011.431497,
  "19": 5216.598234,
  "20": 16760.757896,
  "21": 3420.205088,
  "22": 9100.660491,
  "23": 17691.029196,
  "24": 9064.643457,
  "25": 34430.92334,
  "26": 7320.215886,
  "27": 23107.2613,
  "28": 16704.618785
}