{
  "1": 6727.432772,
  "2": 17690.111105,
  "3": 22783.572855,
  "4": 27915.64149,
  "5": 18988.573933,
  "6": 4749.692616,
  "7": 18926.333795,
  "8": 26094.936211,
  "9": 20428.129972,
  "10": 8494.049151,
  "11": 0,
  "12": 0,
  "13": 0,
  "14": 0,
  "15": 0,
  "16": 0,
  "17": 0,
  "18": 0,
  "19": 0,
  "20": 0,
  "21": 0,
  "22": 0,
  "23": 0,
  "24": 0,
  "25": 0,
  "26": 0,
  "27": 0
}