{
  "1": 21636.459574,
  "2": 9347.008379,
  "3": 1256.793902,
  "4": 21531.206195,
  "5": 9386.843012,
  "6": 9705.014462,
  "7": 10091.454409,
  "8": 19093.083579,
  "9": 17031.336916,
  "10": 7282.705322,
  "11": 6381.501612,
  "12": 2551.538807,
  "13": 2313.952158,
  "14": 31706.5994,
  "15": 26587.892953,
  "16": 26887.918628,
  "17": 26802.819577,
  "18": 33147.609683,
  "19": 412.869053,
  "20": 0,
  "21": 14781.692421,
  "22": 25417.286267,
  "23": 29986.673188,
  "24": 15995.663584,
  "25": 7639.983593,
  "26": 8043.866477,
  "27": 1022.506291,
  "28": 1113.99926,
  "29": 23420.996511,
  "30": 7926.162736,
  "31": 5697.480998
}