{
  "1": 21636.459574,
  "2": 9347.008379,
  "3": 1256.793902,
  "4": 21531.206195,
  "5": 9386.843012,
  "6": 9705.014462,
  "7": 10091.454409,
  "8": 19093.083579,
  "9": 17031.336916,
  "10": 7282.705322,
  "11": 15.109945,
  "12": 0,
  "13": 0,
  "14": 0,
  "15": 0,
  "16": 0,
  "17": 0,
  "18": 0,
  "19": 0,
  "20": 0,
  "21": 0,
  "22": 0,
  "23": 0,
  "24": 0,
  "25": 0,
  "26": 0,
  "27": 0,
  "28": 0,
  "29": 0,
  "30": 0
}