{
  "1": 4713.791293,
  "2": 12557.377744,
  "3": 2150.12779,
  "4": 0,
  "5": 7557.249978,
  "6": 15149.920777,
  "7": 27028.976509,
  "8": 24656.923906,
  "9": 4806.238732,
  "10": 4584.948481,
  "11": 0,
  "12": 0,
  "13": 0,
  "14": 0,
  "15": 0,
  "16": 0,
  "17": 0,
  "18": 0,
  "19": 0,
  "20": 0,
  "21": 0,
  "22": 0,
  "23": 0,
  "24": 0,
  "25": 0,
  "26": 0,
  "27": 0,
  "28": 0,
  "29": 0
}