{
  "1": 4713.791293,
  "2": 12557.377744,
  "3": 2150.12779,
  "4": 0,
  "5": 7557.249978,
  "6": 15149.920777,
  "7": 27028.976509,
  "8": 24656.923906,
  "9": 4806.238732,
  "10": 4584.948481,
  "11": 22744.775571,
  "12": 20308.535421,
  "13": 7586.434223,
  "14": 16802.190734,
  "15": 14559.143031,
  "16": 6690.492542,
  "17": 2280.155895,
  "18": 26224.869378,
  "19": 13552.752842,
  "20": 28660.315975,
  "21": 23025.862105,
  "22": 23050.150266,
  "23": 22832.355419,
  "24": 11045.218249,
  "25": 22047.345731,
  "26": 18154.980873,
  "27": 14213.646966,
  "28": 16585.837613,
  "29": 13165.171076,
  "30": 594.583968
}