{
  "1": 156.951382,
  "2": 11946.314254,
  "3": 6818.681284,
  "4": 12337.663932,
  "5": 17995.197371,
  "6": 16710.861411,
  "7": 6144.039592,
  "8": 19057.181225,
  "9": 8709.745571,
  "10": 21869.336726,
  "11": 16805.722558,
  "12": 29697.9867,
  "13": 13392.893426,
  "14": 10151.74545,
  "15": 8147.382441,
  "16": 7285.596403,
  "17": 3304.69447,
  "18": 8215.920301,
  "19": 23447.203679,
  "20": 18870.466945,
  "21": 38299.79564,
  "22": 26345.039596,
  "23": 47876.570998,
  "24": 39392.162777,
  "25": 33153.948221,
  "26": 11500.581157,
  "27": 12130.746976,
  "28": 7333.368271,
  "29": 3027.215686,
  "30": 31602.79774,
  "31": 9701.678205
}