{
  "1": 156.951382,
  "2": 11946.314254,
  "3": 6818.681284,
  "4": 12337.663932,
  "5": 17995.197371,
  "6": 16710.861411,
  "7": 6144.039592,
  "8": 19057.181225,
  "9": 8709.745571,
  "10": 21869.336726,
  "11": 16805.722558,
  "12": 29697.9867,
  "13": 13392.893426,
  "14": 10151.74545,
  "15": 8147.382441,
  "16": 0,
  "17": 0,
  "18": 0,
  "19": 0,
  "20": 0,
  "21": 0,
  "22": 0,
  "23": 0,
  "24": 0,
  "25": 0,
  "26": 0,
  "27": 0,
  "28": 0,
  "29": 0,
  "30": 0
}