{
  "1": 31478.459895,
  "2": 18794.99043,
  "3": 11526.385247,
  "4": 5078.549003,
  "5": 0,
  "6": 6790.534622,
  "7": 1980.5966,
  "8": 9494.393295,
  "9": 0,
  "10": 5324.370362,
  "11": 0,
  "12": 1434.443099,
  "13": 8482.615938,
  "14": 21199.376021,
  "15": 19237.852226,
  "16": 18412.827836,
  "17": 0,
  "18": 11441.319978,
  "19": 2692.794464,
  "20": 0,
  "21": 0,
  "22": 0,
  "23": 0,
  "24": 0,
  "25": 0,
  "26": 0,
  "27": 0,
  "28": 0,
  "29": 0
}