{
  "1": 31478.459895,
  "2": 18794.99043,
  "3": 11526.385247,
  "4": 5078.549003,
  "5": 0,
  "6": 6790.534622,
  "7": 1980.5966,
  "8": 9494.393295,
  "9": 0,
  "10": 5324.370362,
  "11": 0,
  "12": 1434.443099,
  "13": 8482.615938,
  "14": 21199.376021,
  "15": 19237.852226,
  "16": 18412.827836,
  "17": 0,
  "18": 11441.319978,
  "19": 17027.953307,
  "20": 11154.239518,
  "21": 14419.73365,
  "22": 13632.358534,
  "23": 6753.790311,
  "24": 988.421251,
  "25": 2248.119673,
  "26": 7027.605843,
  "27": 7655.61418,
  "28": 13639.716354,
  "29": 8488.639116,
  "30": 12580.143301
}