{
  "1": 8754.102079,
  "2": 2591.735637,
  "3": 0,
  "4": 6077.267827,
  "5": 0,
  "6": 448.772563,
  "7": 8040.470384,
  "8": 6482.306493,
  "9": 0,
  "10": 2195.447475,
  "11": 9018.545716,
  "12": 7871.445463,
  "13": 12144.85508,
  "14": 12176.320581,
  "15": 0,
  "16": 52.406714,
  "17": 0,
  "18": 0,
  "19": 0,
  "20": 0,
  "21": 0,
  "22": 0,
  "23": 0,
  "24": 0,
  "25": 0,
  "26": 0,
  "27": 0,
  "28": 0,
  "29": 0,
  "30": 0
}