{
  "1": 8754.102079,
  "2": 2591.735637,
  "3": 0,
  "4": 6077.267827,
  "5": 0,
  "6": 448.772563,
  "7": 8040.470384,
  "8": 6482.306493,
  "9": 0,
  "10": 2195.447475,
  "11": 9018.545716,
  "12": 7871.445463,
  "13": 12144.85508,
  "14": 12176.320581,
  "15": 0,
  "16": 52.406714,
  "17": 46.208845,
  "18": 11759.076945,
  "19": 6636.93442,
  "20": 15668.73067,
  "21": 4798.36824,
  "22": 2883.822459,
  "23": 1.699037,
  "24": 0,
  "25": 12848.718135,
  "26": 9024.525834,
  "27": 1199.735157,
  "28": 15908.590418,
  "29": 12597.51836,
  "30": 7179.944541,
  "31": 2085.871634
}