{
  "1": 815.970238,
  "2": 5967.071791,
  "3": 0,
  "4": 0,
  "5": 1240.767618,
  "6": 9155.330315,
  "7": 1232.446431,
  "8": 4210.198183,
  "9": 8686.876701,
  "10": 5036.18605,
  "11": 874.774551,
  "12": 6236.214613,
  "13": 6528.016596,
  "14": 1382.595219,
  "15": 884.144583,
  "16": 0,
  "17": 0,
  "18": 0,
  "19": 0,
  "20": 0,
  "21": 0,
  "22": 0,
  "23": 0,
  "24": 0,
  "25": 0,
  "26": 0,
  "27": 0,
  "28": 0,
  "29": 0,
  "30": 0
}