{
  "1": 815.970238,
  "2": 5967.071791,
  "3": 0,
  "4": 0,
  "5": 1240.767618,
  "6": 9155.330315,
  "7": 1232.446431,
  "8": 4210.198183,
  "9": 8686.876701,
  "10": 5036.18605,
  "11": 874.774551,
  "12": 6236.214613,
  "13": 6528.508336,
  "14": 1382.595219,
  "15": 884.144583,
  "16": 61.583041,
  "17": 0,
  "18": 991.656538,
  "19": 16586.905155,
  "20": 0,
  "21": 0,
  "22": 235.284556,
  "23": 0,
  "24": 29269.210773,
  "25": 17565.405614,
  "26": 1637.619199,
  "27": 7910.893727,
  "28": 145.935402,
  "29": 1275.248357,
  "30": 4485.125177,
  "31": 13079.743207
}