{
  "1": 0,
  "2": 0,
  "3": 0,
  "4": 0,
  "5": 1840.140655,
  "6": 0,
  "7": 111.201163,
  "8": 15295.934975,
  "9": 1749.249714,
  "10": 0,
  "11": 0,
  "12": 0,
  "13": 7076.661614,
  "14": 0,
  "15": 16919.289637,
  "16": 14175.829194,
  "17": 3757.905829,
  "18": 0,
  "19": 4533.543641,
  "20": 7460.443354,
  "21": 19541.724395,
  "22": 26523.729841,
  "23": 7734.963881,
  "24": 9074.432691,
  "25": 16249.699775,
  "26": 29557.893845,
  "27": 1965.414342,
  "28": 0,
  "29": 1753.724268,
  "30": 4955.776759
}