{
  "1": 0,
  "2": 0,
  "3": 0,
  "4": 0,
  "5": 1840.140655,
  "6": 0,
  "7": 111.201163,
  "8": 15295.934975,
  "9": 1749.249714,
  "10": 0,
  "11": 0,
  "12": 0,
  "13": 0,
  "14": 0,
  "15": 0,
  "16": 0,
  "17": 0,
  "18": 0,
  "19": 0,
  "20": 0,
  "21": 0,
  "22": 0,
  "23": 0,
  "24": 0,
  "25": 0,
  "26": 0,
  "27": 0,
  "28": 0,
  "29": 0
}