{
  "1": 0,
  "2": 0,
  "3": 13609.245843,
  "4": 5512.970557,
  "5": 5159.061443,
  "6": 23497.559961,
  "7": 30912.781792,
  "8": 12318.884082,
  "9": 0,
  "10": 0,
  "11": 0,
  "12": 0,
  "13": 0,
  "14": 0,
  "15": 0,
  "16": 0,
  "17": 0,
  "18": 0,
  "19": 0,
  "20": 0,
  "21": 0,
  "22": 0,
  "23": 0,
  "24": 0,
  "25": 0,
  "26": 0,
  "27": 0,
  "28": 0,
  "29": 0,
  "30": 0
}