{
  "1": 0,
  "2": 0,
  "3": 13609.245843,
  "4": 5512.970557,
  "5": 5159.061443,
  "6": 23497.559961,
  "7": 30912.781792,
  "8": 12318.884082,
  "9": 5480.415581,
  "10": 7023.495632,
  "11": 2936.026923,
  "12": 18689.26226,
  "13": 11871.532288,
  "14": 7641.746955,
  "15": 813.859202,
  "16": 9905.416738,
  "17": 2972.775044,
  "18": 2.629322,
  "19": 0,
  "20": 0,
  "21": 0,
  "22": 0,
  "23": 0,
  "24": 0,
  "25": 0,
  "26": 0,
  "27": 0,
  "28": 0,
  "29": 0,
  "30": 0
}