{
  "1": 0,
  "2": 0,
  "3": 13609.245843,
  "4": 5512.970557,
  "5": 5159.061443,
  "6": 23497.559961,
  "7": 30912.781792,
  "8": 12318.884082,
  "9": 5480.415581,
  "10": 7023.495632,
  "11": 2936.026923,
  "12": 18689.26226,
  "13": 11871.532288,
  "14": 7641.746955,
  "15": 813.859202,
  "16": 9905.416738,
  "17": 2972.775044,
  "18": 2.629322,
  "19": 10944.059745,
  "20": 35891.272687,
  "21": 26748.105928,
  "22": 17866.647576,
  "23": 215.219781,
  "24": 26617.558118,
  "25": 19459.088669,
  "26": 26114.417645,
  "27": 28859.906245,
  "28": 27989.644737,
  "29": 0,
  "30": 13324.968774,
  "31": 33231.753188
}