{
  "1": 26377.778269,
  "2": 30141.044904,
  "3": 17646.826531,
  "4": 17376.656807,
  "5": 10887.496693,
  "6": 30971.882129,
  "7": 32555.26071,
  "8": 28370.417724,
  "9": 29562.050497,
  "10": 19790.855349,
  "11": 29607.404162,
  "12": 11866.544156,
  "13": 8718.138306,
  "14": 1329.472649,
  "15": 0,
  "16": 0,
  "17": 0,
  "18": 0,
  "19": 0,
  "20": 0,
  "21": 0,
  "22": 0,
  "23": 0,
  "24": 0,
  "25": 0,
  "26": 0,
  "27": 0,
  "28": 0,
  "29": 0
}