{
  "1": 26377.778269,
  "2": 30141.044904,
  "3": 17646.826531,
  "4": 17376.656807,
  "5": 10887.496693,
  "6": 30971.882129,
  "7": 32555.26071,
  "8": 28370.417724,
  "9": 29562.050497,
  "10": 19790.855349,
  "11": 29607.404162,
  "12": 11866.544156,
  "13": 8718.138306,
  "14": 1329.472649,
  "15": 15881.272312,
  "16": 22670.86239,
  "17": 14261.689198,
  "18": 995.782913,
  "19": 0,
  "20": 5081.188821,
  "21": 7692.267778,
  "22": 9627.494156,
  "23": 16380.395467,
  "24": 21171.420536,
  "25": 26311.955054,
  "26": 4382.492528,
  "27": 19347.268688,
  "28": 9605.711322,
  "29": 570.222197,
  "30": 3832.510358
}