{
  "1": 11914.41575,
  "2": 4623.231255,
  "3": 0,
  "4": 10305.597331,
  "5": 4253.514317,
  "6": 2183.534844,
  "7": 13143.595214,
  "8": 2246.178844,
  "9": 2758.876572,
  "10": 1786.409863,
  "11": 1513.190794,
  "12": 2493.013372,
  "13": 9318.466853,
  "14": 23793.337869,
  "15": 27614.360463,
  "16": 741.132419,
  "17": 0,
  "18": 35049.033,
  "19": 11553.141536,
  "20": 15520.916484,
  "21": 14974.280154,
  "22": 17687.624369,
  "23": 0,
  "24": 0,
  "25": 0,
  "26": 0,
  "27": 0,
  "28": 0,
  "29": 0,
  "30": 0
}