{
  "1": 11914.41575,
  "2": 4623.231255,
  "3": 0,
  "4": 10305.597331,
  "5": 4253.514317,
  "6": 2183.534844,
  "7": 13143.595214,
  "8": 2246.178844,
  "9": 2758.876572,
  "10": 1786.409863,
  "11": 0,
  "12": 0,
  "13": 0,
  "14": 0,
  "15": 0,
  "16": 0,
  "17": 0,
  "18": 0,
  "19": 0,
  "20": 0,
  "21": 0,
  "22": 0,
  "23": 0,
  "24": 0,
  "25": 0,
  "26": 0,
  "27": 0,
  "28": 0,
  "29": 0,
  "30": 0
}