{
  "2025-01-1": 16761.275381,
  "2025-01-2": 4642.783602,
  "2025-01-3": 22144.990212,
  "2025-01-4": 1735.480283
}