{
  "2025-03-2": 4371.194558,
  "2025-03-3": 23033.564845,
  "2025-03-4": 0,
  "2025-03-5": 0,
  "2025-03-6": 0,
  "2025-03-7": 0,
  "2025-03-8": 0
}