{
  "2025-03-2": 4371.194558,
  "2025-03-3": 23054.037562,
  "2025-03-4": 15770.56992,
  "2025-03-5": 8610.919431,
  "2025-03-6": 18143.324938,
  "2025-03-7": 0,
  "2025-03-8": 0
}