{
  "2025-03-2": 4371.194558,
  "2025-03-3": 23054.037562,
  "2025-03-4": 15752.667612,
  "2025-03-5": 0,
  "2025-03-6": 0,
  "2025-03-7": 0,
  "2025-03-8": 0
}