{
  "2025-05-4": 10400.39527,
  "2025-05-5": 16788.750207,
  "2025-05-6": 2817.021573,
  "2025-05-7": 0,
  "2025-05-8": 0,
  "2025-05-9": 0,
  "2025-05-10": 0
}