{
  "2025-05-4": 10400.39527,
  "2025-05-5": 16788.750207,
  "2025-05-6": 20583.675273,
  "2025-05-7": 13925.092895,
  "2025-05-8": 9561.504683,
  "2025-05-9": 850.873732,
  "2025-05-10": 0
}