{
  "2025-06-1": 22119.98352,
  "2025-06-2": 13342.101232,
  "2025-06-3": 0,
  "2025-06-4": 0,
  "2025-06-5": 0,
  "2025-06-6": 0,
  "2025-06-7": 0
}