{
  "2025-06-1": 22119.98352,
  "2025-06-2": 13342.101232,
  "2025-06-3": 756.259199,
  "2025-06-4": 8445.850167,
  "2025-06-5": 6797.503609,
  "2025-06-6": 0,
  "2025-06-7": 149.675655
}