{
  "2025-02-2": 0,
  "2025-02-3": 16617.888382,
  "2025-02-4": 6119.747923,
  "2025-02-5": 7808.289666,
  "2025-02-6": 0,
  "2025-02-7": 0,
  "2025-02-8": 0
}