{
  "2025-02-2": 0,
  "2025-02-3": 16617.888382,
  "2025-02-4": 6046.311716,
  "2025-02-5": 0,
  "2025-02-6": 0,
  "2025-02-7": 0,
  "2025-02-8": 0
}