{
  "2020-01-1": 0,
  "2020-01-2": 23334.654141,
  "2020-01-3": 9577.874507,
  "2020-01-4": 9599.24661
}