{
  "2020-03-1": 5915.795178,
  "2020-03-2": 10724.192129,
  "2020-03-3": 9551.166422,
  "2020-03-4": 16653.727693,
  "2020-03-5": 19929.17337,
  "2020-03-6": 4669.957935,
  "2020-03-7": 33596.331289
}