{
  "2020-05-3": 20292.936056,
  "2020-05-4": 32907.945092,
  "2020-05-5": 14735.858052,
  "2020-05-6": 9359.878581,
  "2020-05-7": 9138.035124,
  "2020-05-8": 20497.357441,
  "2020-05-9": 445.210829
}