{
  "2020-05-31": 4395.980884,
  "2020-06-1": 16381.41223,
  "2020-06-2": 2944.139613,
  "2020-06-3": 18702.138299,
  "2020-06-4": 9493.624323,
  "2020-06-5": 2077.515147,
  "2020-06-6": 7940.617503
}