{
  "2020-08-2": 9184.071956,
  "2020-08-3": 8684.122613,
  "2020-08-4": 16339.939879,
  "2020-08-5": 13009.950592,
  "2020-08-6": 18626.630134,
  "2020-08-7": 4334.56898,
  "2020-08-8": 8243.420786
}