{
  "2020-10-4": 18570.576337,
  "2020-10-5": 35218.883251,
  "2020-10-6": 14564.502212,
  "2020-10-7": 11328.69352,
  "2020-10-8": 5411.725466,
  "2020-10-9": 0,
  "2020-10-10": 1307.100982
}