{
  "2020-11-1": 20439.676662,
  "2020-11-2": 16926.447399,
  "2020-11-3": 4586.513583,
  "2020-11-4": 6858.85172,
  "2020-11-5": 5316.286227,
  "2020-11-6": 8905.611744,
  "2020-11-7": 28113.922055
}