{
  "2020-11-1": 20439.676662,
  "2020-11-2": 1190.136989,
  "2020-11-3": 0,
  "2020-11-4": 0,
  "2020-11-5": 0,
  "2020-11-6": 0,
  "2020-11-7": 0
}