{
  "2020-02-2": 19301.324309,
  "2020-02-3": 0,
  "2020-02-4": 0,
  "2020-02-5": 15274.841024,
  "2020-02-6": 3653.72777,
  "2020-02-7": 12756.19083,
  "2020-02-8": 20448.878545
}