{
  "2022-04-3": 13267.105775,
  "2022-04-4": 13418.222619,
  "2022-04-5": 21823.949085,
  "2022-04-6": 24713.861374,
  "2022-04-7": 9063.070541,
  "2022-04-8": 0,
  "2022-04-9": 0
}