{
  "2022-05-1": 26336.012518,
  "2022-05-2": 39987.111116,
  "2022-05-3": 14225.701127,
  "2022-05-4": 0,
  "2022-05-5": 0,
  "2022-05-6": 0,
  "2022-05-7": 0
}