{
  "2022-05-1": 26336.012518,
  "2022-05-2": 39987.111116,
  "2022-05-3": 14225.701127,
  "2022-05-4": 31711.573994,
  "2022-05-5": 9599.771418,
  "2022-05-6": 4756.713482,
  "2022-05-7": 6896.751188
}