{
  "2022-07-3": 1811.772296,
  "2022-07-4": 483.820549,
  "2022-07-5": 4359.875936,
  "2022-07-6": 6258.70414,
  "2022-07-7": 14179.046832,
  "2022-07-8": 212.809539,
  "2022-07-9": 16.100727
}