{
  "2022-08-1": 3670.06108,
  "2022-08-2": 6524.008112,
  "2022-08-3": 20813.446285,
  "2022-08-4": 16973.212131,
  "2022-08-5": 673.358386,
  "2022-08-6": 4973.279246
}