{
  "2022-09-4": 2838.847299,
  "2022-09-5": 2307.664248,
  "2022-09-6": 0,
  "2022-09-7": 24467.459574,
  "2022-09-8": 4298.038663,
  "2022-09-9": 6602.643373,
  "2022-09-10": 391.987093
}