{
  "2022-10-2": 12582.354333,
  "2022-10-3": 1505.370655,
  "2022-10-4": 8202.023159,
  "2022-10-5": 0,
  "2022-10-6": 723.823791,
  "2022-10-7": 14503.233095,
  "2022-10-8": 0
}