{
  "2022-12-4": 2755.055752,
  "2022-12-5": 299.845866,
  "2022-12-6": 7308.055285,
  "2022-12-7": 7192.952464,
  "2022-12-8": 12869.589984,
  "2022-12-9": 19417.252792,
  "2022-12-10": 0
}