{
  "2019": 761539.7373129998,
  "2020": 3331198.766271002
}