{
  "2019": 761539.7373129998,
  "2020": 3095432.364330001
}