{
  "2019": 761539.7373129998,
  "2020": 3971324.588196003
}