{
  "2019": 761539.7373129998,
  "2020": 3840943.4274480026
}