{
  "2019": 761539.7373129998,
  "2020": 2856280.2549810004
}