{
  "2019": 761539.7373129998,
  "2020": 3902305.552634002
}