{
  "2019": 761539.7373129998,
  "2020": 3417375.2882180023
}