{
  "2019": 761539.7373129998,
  "2020": 3957016.6580410027
}