{
  "2019": 761539.7373129998,
  "2020": 2815730.2430690005
}