{
  "2019": 761539.7373129998,
  "2020": 3338057.6179910023
}