{
  "2019": 761539.7373129998,
  "2020": 3289246.1286270022
}