{
  "2019": 761539.7373129998,
  "2020": 3018587.582465001
}