{
  "2019": 761539.7373129998,
  "2020": 3741206.652646003
}