{
  "2019": 761539.7373129998,
  "2020": 3352279.5159620023
}