{
  "2019": 761539.7373129998,
  "2020": 3113761.5982450014
}