{
  "2019": 761539.7373129998,
  "2020": 3454668.167457002
}