{
  "2019": 761539.7373129998,
  "2020": 3058689.906613001
}