{
  "2019": 761539.7373129998,
  "2020": 2864267.981469
}