{
  "2019": 761539.7373129998,
  "2020": 3925088.1757530025
}