{
  "2019": 761539.7373129998,
  "2020": 3194503.193453002
}