{
  "2019": 761539.7373129998,
  "2020": 3940496.9463230027
}