{
  "2019": 761539.7373129998,
  "2020": 3733297.4112870027
}