{
  "2019": 761539.7373129998,
  "2020": 3760369.7289460027
}