{
  "2019": 761539.7373129998,
  "2020": 3071090.8786890013
}