{
  "2019": 761539.7373129998,
  "2020": 2970500.3212470007
}