{
  "2019": 761539.7373129998,
  "2020": 2793537.970074001
}