{
  "2019": 761539.7373129998,
  "2020": 2826561.8910840005
}