{
  "2019": 761539.7373129998,
  "2020": 3568868.6003590026
}