{
  "2019": 761539.7373129998,
  "2020": 3596370.8159380024
}