{
  "2019": 761539.7373129998,
  "2020": 2953759.9022610006
}