{
  "2019": 761539.7373129998,
  "2020": 2995193.930232001
}