{
  "2019": 761539.7373129998,
  "2020": 3784978.1829540026
}