{
  "2019": 761539.7373129998,
  "2020": 2738227.5486770007
}