{
  "2019": 761539.7373129998,
  "2020": 3326612.2526880023
}