{
  "2019": 761539.7373129998,
  "2020": 3619849.4908540025
}