{
  "2019": 761539.7373129998,
  "2020": 2965235.9415370007
}