{
  "2019": 761539.7373129998,
  "2020": 4048246.8732350036
}