{
  "2019": 761539.7373129998,
  "2020": 3708844.785232003
}