{
  "2019": 761539.7373129998,
  "2020": 3511795.0063540023
}