{
  "2019": 761539.7373129998,
  "2020": 3852335.9231820027
}