{
  "2019": 761539.7373129998,
  "2020": 2802669.8457960007
}