{
  "2019": 761539.7373129998,
  "2020": 2796880.165964001
}