{
  "2019": 761539.7373129998,
  "2020": 2838600.6438130005
}