{
  "2019": 761539.7373129998,
  "2020": 4066986.4372570035
}