{
  "2019": 761539.7373129998,
  "2020": 3668473.092898003
}