{
  "2019": 761539.7373129998,
  "2020": 2732171.7736040005
}