{
  "2019": 761539.7373129998,
  "2020": 3921985.350607002
}