{
  "2019": 761539.7373129998,
  "2020": 4100818.4014320034
}