{
  "2019": 761539.7373129998,
  "2020": 3956991.0391590027
}