{
  "2019": 761539.7373129998,
  "2020": 3679842.9787690025
}