{
  "2019": 761539.7373129998,
  "2020": 3656920.447153003
}