{
  "2019": 761539.7373129998,
  "2020": 4121473.0412800037
}