{
  "2019": 761539.7373129998,
  "2020": 3073638.2495930013
}