{
  "2019": 761539.7373129998,
  "2020": 4031050.4516540035
}