{
  "2019": 761539.7373129998,
  "2020": 2640592.981672001
}