{
  "2019": 761539.7373129998,
  "2020": 3496713.242932002
}