{
  "2019": 761539.7373129998,
  "2020": 3700899.4004550027
}