{
  "2019": 761539.7373129998,
  "2020": 3403862.1022240026
}