{
  "2019": 761539.7373129998,
  "2020": 2849674.8357950007
}