{
  "2019": 761539.7373129998,
  "2020": 3579684.634306003
}