{
  "2019": 761539.7373129998,
  "2020": 4000635.8267480033
}