{
  "2019": 761539.7373129998,
  "2020": 3106712.3265120015
}