{
  "2019": 761539.7373129998,
  "2020": 2971807.422229001
}