{
  "2019": 761539.7373129998,
  "2020": 2782469.0649620006
}