{
  "2019": 761539.7373129998,
  "2020": 3959599.6197290025
}