{
  "2019": 761539.7373129998,
  "2020": 3539795.3570820023
}