{
  "2019": 761539.7373129998,
  "2020": 3667422.137345003
}