{
  "2019": 761539.7373129998,
  "2020": 2808133.7768870005
}