{
  "2019": 761539.7373129998,
  "2020": 3022990.913919001
}