{
  "2019": 761539.7373129998,
  "2020": 2811343.2495400007
}