{
  "2019": 761539.7373129998,
  "2020": 3628581.6729110028
}