{
  "2019": 761539.7373129998,
  "2020": 2724323.8141130004
}