{
  "2019": 761539.7373129998,
  "2020": 3865585.1672110027
}