{
  "2019": 761539.7373129998,
  "2020": 3185994.554190002
}