{
  "2019": 761539.7373129998,
  "2020": 2805785.3183170008
}