{
  "2019": 761539.7373129998,
  "2020": 3440977.7244420024
}