{
  "2019": 761539.7373129998,
  "2020": 3231532.594228002
}