{
  "2019": 761539.7373129998,
  "2020": 3675812.398459003
}