{
  "2019": 761539.7373129998,
  "2020": 3184320.824215002
}