{
  "2019": 761539.7373129998,
  "2020": 3887517.3426620024
}