{
  "2019": 761539.7373129998,
  "2020": 3804445.5429560025
}